latitude,longitude,elevation,utc_offset_seconds,timezone,timezone_abbreviation
-8.119508,-34.952972,13.0,-10800,America/Sao_Paulo,GMT-3

time,temperature_2m_mean (°C),temperature_2m_max (°C),temperature_2m_min (°C),precipitation_sum (mm),rain_sum (mm),precipitation_hours (h),shortwave_radiation_sum (MJ/m²),wind_speed_10m_max (km/h),wind_gusts_10m_max (km/h),relative_humidity_2m_mean (%),dew_point_2m_mean (°C),cloud_cover_mean (%),pressure_msl_mean (hPa)
2022-10-04,25.7,28.1,23.6,0.60,0.60,3.0,25.78,17.3,34.9,68,19.3,28,1014.4
2022-10-05,25.6,28.1,23.9,1.10,1.10,6.0,21.49,16.4,34.6,78,21.4,47,1013.9
2022-10-06,24.9,26.7,24.0,2.90,2.90,16.0,16.74,16.0,34.6,85,22.2,85,1014.4
2022-10-07,25.3,28.2,23.0,4.90,4.90,17.0,22.86,20.4,41.4,83,22.2,49,1013.7
2022-10-08,25.5,28.3,23.5,2.20,2.20,12.0,23.18,18.9,39.2,81,21.9,43,1012.9
2022-10-09,25.9,28.0,24.0,2.90,2.90,15.0,22.42,22.3,45.4,79,22.0,60,1013.9
2022-10-10,25.7,27.9,23.4,3.10,3.10,12.0,22.53,24.9,49.3,78,21.4,46,1015.5
2022-10-11,25.1,27.7,22.7,3.60,3.60,17.0,24.78,26.2,52.9,78,20.9,37,1015.8
2022-10-12,25.3,27.9,22.9,2.00,2.00,10.0,21.84,20.2,44.6,74,20.1,80,1014.0
2022-10-13,24.8,28.0,22.3,3.60,3.60,19.0,22.70,22.5,45.7,81,21.1,66,1014.8
2022-10-14,25.1,28.2,22.4,1.70,1.70,10.0,23.90,19.0,42.1,77,20.5,47,1015.8
2022-10-15,24.5,26.9,22.7,3.30,3.30,17.0,19.80,24.2,46.8,82,21.1,69,1015.3
2022-10-16,24.5,26.8,22.6,2.70,2.70,16.0,22.65,21.7,44.3,80,20.9,43,1013.8
2022-10-17,24.7,27.7,22.1,4.50,4.50,15.0,23.81,21.4,41.8,79,20.6,63,1014.4
2022-10-18,25.4,27.3,23.6,3.90,3.90,18.0,22.35,19.2,39.2,76,20.8,43,1016.0
2022-10-19,25.6,27.9,23.4,1.50,1.50,8.0,24.98,21.9,44.3,72,20.0,39,1016.1
2022-10-20,25.6,28.2,23.0,2.10,2.10,5.0,23.30,18.7,37.8,67,18.9,41,1014.1
2022-10-21,26.0,28.7,24.5,0.50,0.50,3.0,23.85,18.3,38.2,69,19.7,40,1012.9
2022-10-22,25.7,28.5,23.3,2.70,2.70,13.0,23.28,19.5,40.3,77,21.2,45,1013.6
2022-10-23,26.5,29.1,24.6,0.40,0.40,3.0,25.12,18.7,40.0,71,20.8,90,1014.1
2022-10-24,26.2,28.7,24.1,0.80,0.80,4.0,24.57,19.9,41.8,75,21.4,29,1013.2
2022-10-25,26.1,28.2,24.1,2.40,2.40,8.0,22.50,21.2,43.6,74,21.1,43,1012.2
2022-10-26,26.3,28.2,24.7,1.10,1.10,4.0,23.14,18.9,40.0,70,20.4,77,1012.8
2022-10-27,26.3,28.8,24.1,0.90,0.90,7.0,23.94,18.0,38.9,73,21.0,53,1013.9
2022-10-28,26.5,28.4,25.2,0.70,0.70,4.0,24.38,17.7,38.9,70,20.5,42,1014.1
2022-10-29,26.4,28.8,24.7,0.60,0.60,5.0,23.90,20.3,43.2,70,20.5,60,1012.9
2022-10-30,25.9,28.9,24.0,0.60,0.60,5.0,21.32,19.1,39.2,74,20.7,55,1011.9
2022-10-31,25.7,28.1,23.3,3.00,3.00,7.0,23.80,16.3,35.6,77,21.2,56,1012.4
2022-11-01,26.6,29.5,24.3,0.10,0.10,1.0,25.46,16.8,37.4,72,21.1,29,1013.1
2022-11-02,26.9,29.6,25.0,0.10,0.10,1.0,24.07,16.0,35.6,69,20.7,38,1013.2
2022-11-03,27.2,30.1,24.7,0.20,0.20,2.0,22.83,17.3,36.7,66,20.3,64,1012.1
2022-11-04,26.9,30.1,24.8,0.90,0.90,4.0,23.36,23.4,48.6,73,21.5,84,1011.9
2022-11-05,25.3,28.5,23.2,5.10,5.10,18.0,19.23,14.2,33.1,82,22.0,90,1013.4
2022-11-06,25.4,28.0,22.7,3.10,3.10,20.0,20.96,16.8,37.4,82,22.1,77,1013.4
2022-11-07,25.6,28.4,22.6,1.20,1.20,7.0,25.29,14.8,33.8,80,21.7,48,1013.7
2022-11-08,26.1,28.9,23.4,1.60,1.60,9.0,25.92,16.4,36.4,77,21.7,23,1014.3
2022-11-09,26.3,29.2,23.5,1.60,1.60,5.0,25.16,17.7,38.9,74,21.2,33,1014.7
2022-11-10,26.3,29.3,22.8,0.50,0.50,3.0,24.42,14.2,33.5,74,21.2,42,1013.7
2022-11-11,25.5,28.1,22.9,4.10,4.10,15.0,22.59,14.4,33.5,82,22.2,60,1012.5
2022-11-12,25.3,27.3,24.0,6.30,6.30,23.0,18.80,14.7,32.0,84,22.4,72,1011.9
2022-11-13,25.7,28.2,23.5,2.90,2.90,15.0,23.37,16.5,36.0,81,22.2,64,1012.7
2022-11-14,26.1,28.4,23.7,2.10,2.10,14.0,23.52,19.5,40.7,78,21.9,51,1013.6
2022-11-15,25.7,28.3,22.9,2.80,2.80,10.0,23.49,16.5,36.0,80,21.9,61,1014.8
2022-11-16,26.1,29.3,24.4,2.00,2.00,8.0,24.88,16.8,36.7,76,21.5,43,1013.1
2022-11-17,26.2,29.0,23.4,1.70,1.70,11.0,26.04,17.1,36.4,76,21.3,40,1012.1
2022-11-18,25.8,28.7,23.5,1.50,1.50,13.0,23.32,18.1,37.8,78,21.6,73,1012.4
2022-11-19,26.5,28.7,24.3,0.40,0.40,4.0,25.01,18.0,38.9,73,21.2,98,1013.5
2022-11-20,26.5,29.0,24.1,2.70,2.70,8.0,25.83,17.3,36.7,71,20.7,92,1013.0
2022-11-21,26.4,28.7,24.0,1.60,1.60,10.0,23.84,19.6,41.0,69,20.3,72,1012.3
2022-11-22,24.9,26.9,22.6,5.10,5.10,21.0,17.94,17.9,37.4,82,21.6,76,1012.5
2022-11-23,26.5,28.7,24.7,1.10,1.10,7.0,24.75,16.2,34.2,72,20.9,41,1011.4
2022-11-24,26.1,29.1,22.9,1.70,1.70,11.0,25.78,17.5,37.8,76,21.4,35,1011.4
2022-11-25,26.9,29.6,24.4,1.40,1.40,6.0,26.54,19.5,40.0,73,21.6,86,1012.0
2022-11-26,26.6,29.0,24.4,1.70,1.70,8.0,24.76,18.6,40.0,75,21.9,95,1012.8
2022-11-27,26.6,29.4,24.1,1.00,1.00,9.0,25.83,17.3,38.2,75,21.6,66,1011.8
2022-11-28,26.9,29.6,24.3,1.00,1.00,6.0,24.88,20.2,42.1,72,21.3,59,1008.8
2022-11-29,26.8,29.3,24.6,1.40,1.40,7.0,19.93,21.0,43.9,70,20.8,91,1007.5
2022-11-30,25.4,28.0,23.7,10.20,10.20,17.0,12.26,13.6,29.9,82,22.1,97,1009.5
2022-12-01,26.5,28.4,25.1,1.40,1.40,9.0,19.77,21.3,42.1,73,21.3,83,1011.0
2022-12-02,26.5,28.8,24.9,1.10,1.10,5.0,24.66,20.7,40.0,71,20.7,55,1011.6
2022-12-03,26.0,27.0,25.2,3.80,3.80,15.0,19.50,20.2,40.7,76,21.3,41,1011.0
2022-12-04,25.4,28.9,22.7,9.90,9.90,19.0,22.95,18.9,39.6,79,21.2,68,1010.7
2022-12-05,24.6,27.2,23.1,13.50,13.50,24.0,18.59,17.3,38.5,86,22.0,83,1012.7
2022-12-06,26.2,28.7,23.8,1.90,1.90,12.0,26.52,19.1,38.9,73,20.8,42,1014.3
2022-12-07,26.1,28.3,24.0,1.70,1.70,10.0,25.41,17.5,36.7,74,21.1,25,1012.7
2022-12-08,26.1,28.7,23.0,1.20,1.20,7.0,25.83,14.5,32.0,76,21.5,57,1010.9
2022-12-09,26.1,28.4,23.3,1.90,1.90,11.0,24.88,16.7,35.3,80,22.3,66,1012.3
2022-12-10,26.7,29.0,24.6,0.60,0.60,6.0,24.99,15.8,34.6,77,22.1,63,1013.2
2022-12-11,26.2,28.7,23.7,1.90,1.90,11.0,24.30,17.2,37.8,79,22.2,33,1012.8
2022-12-12,26.3,29.0,23.3,1.70,1.70,8.0,25.95,16.3,35.6,77,21.8,50,1012.1
2022-12-13,26.7,29.3,23.5,0.20,0.20,2.0,26.13,16.4,36.0,75,21.7,41,1011.6
2022-12-14,26.9,29.6,24.2,0.00,0.00,0.0,26.24,19.2,41.0,75,21.9,57,1011.5
2022-12-15,26.9,29.4,24.7,0.30,0.30,2.0,24.53,17.9,38.2,73,21.6,99,1011.9
2022-12-16,26.8,29.5,24.2,1.30,1.30,5.0,25.32,17.9,38.5,71,20.9,46,1010.7
2022-12-17,26.5,29.4,23.1,1.10,1.10,5.0,25.11,17.3,37.8,69,20.3,53,1010.2
2022-12-18,27.0,29.6,25.0,0.00,0.00,0.0,26.74,16.9,34.9,64,19.5,41,1011.7
2022-12-19,26.2,29.4,22.0,0.60,0.60,6.0,26.46,17.5,33.8,71,20.4,13,1012.4
2022-12-20,26.9,29.8,24.2,0.20,0.20,2.0,26.00,16.6,37.1,70,20.8,16,1012.2
2022-12-21,27.1,29.9,24.6,0.60,0.60,5.0,24.04,18.3,37.4,71,21.3,38,1011.5
2022-12-22,27.1,30.0,24.9,1.90,1.90,8.0,22.17,19.8,41.4,72,21.5,52,1010.9
2022-12-23,26.7,30.3,23.6,1.30,1.30,7.0,25.11,19.0,39.2,75,21.7,63,1012.0
2022-12-24,25.6,28.5,22.8,3.70,3.70,15.0,22.88,17.2,37.1,79,21.5,73,1013.1
2022-12-25,26.5,28.7,23.9,2.30,2.30,12.0,22.20,19.4,41.0,73,21.2,87,1013.0
2022-12-26,26.9,29.2,24.8,1.60,1.60,7.0,25.11,17.7,38.5,70,20.9,49,1012.5
2022-12-27,26.2,29.0,24.2,2.10,2.10,14.0,23.06,19.2,42.8,76,21.6,61,1013.4
2022-12-28,26.3,29.1,23.2,4.20,4.20,14.0,23.67,19.3,39.2,76,21.7,46,1013.9
2022-12-29,26.3,28.6,23.9,4.30,4.30,15.0,23.77,19.9,41.4,76,21.7,61,1014.2
2022-12-30,26.7,28.6,24.4,2.90,2.90,12.0,23.72,19.2,42.5,74,21.7,59,1013.5
2022-12-31,26.4,29.8,23.2,8.20,8.20,14.0,24.27,20.2,42.1,73,20.9,76,1013.4
2023-01-01,24.6,27.6,22.6,15.70,15.70,21.0,20.52,17.9,38.2,87,22.2,89,1012.9
2023-01-02,25.7,28.9,21.8,3.70,3.70,12.0,23.82,17.6,36.4,78,21.4,99,1012.7
2023-01-03,26.7,29.3,24.9,3.50,3.50,15.0,22.76,19.8,40.0,72,21.2,90,1012.8
2023-01-04,26.9,29.1,25.1,0.00,0.00,0.0,26.14,15.9,34.9,73,21.5,35,1013.2
2023-01-05,26.9,29.4,24.3,1.00,1.00,5.0,25.94,15.5,33.8,72,21.3,32,1013.1
2023-01-06,26.5,29.1,22.8,0.50,0.50,5.0,25.68,18.8,39.6,76,21.7,72,1013.9
2023-01-07,26.7,29.3,24.7,1.30,1.30,6.0,26.58,16.9,36.4,74,21.5,44,1014.6
2023-01-08,27.2,29.7,25.1,0.30,0.30,3.0,24.49,17.1,38.2,67,20.5,88,1014.3
2023-01-09,26.7,29.5,25.0,0.80,0.80,6.0,24.37,16.9,36.4,74,21.6,51,1014.2
2023-01-10,26.8,29.5,24.3,1.70,1.70,9.0,24.70,17.8,36.4,73,21.4,80,1014.6
2023-01-11,26.8,29.4,24.8,1.60,1.60,10.0,22.88,15.8,34.6,71,21.1,71,1014.4
2023-01-12,27.0,29.7,24.8,0.80,0.80,5.0,23.91,15.3,33.8,71,21.2,32,1013.2
2023-01-13,26.5,29.0,23.8,2.30,2.30,14.0,24.39,18.5,39.2,78,22.2,40,1012.3
2023-01-14,26.8,29.7,23.3,3.90,3.90,12.0,23.84,17.5,38.2,73,21.5,73,1012.3
2023-01-15,25.1,27.8,22.4,7.50,7.50,14.0,24.36,12.7,31.7,83,21.8,99,1012.9
2023-01-16,25.6,28.1,22.5,0.90,0.90,6.0,22.46,15.2,33.1,77,21.1,100,1012.5
2023-01-17,25.3,27.2,23.5,2.40,2.40,14.0,20.15,11.8,34.2,81,21.8,88,1013.2
2023-01-18,24.5,26.6,23.5,8.80,8.80,21.0,15.04,15.5,36.0,87,22.2,95,1013.2
2023-01-19,25.2,26.5,23.1,11.10,11.10,20.0,16.42,14.5,32.4,84,22.2,97,1013.4
2023-01-20,26.0,28.7,23.3,2.30,2.30,8.0,26.17,14.6,32.8,77,21.6,42,1013.7
2023-01-21,26.7,29.2,23.7,0.00,0.00,0.0,26.64,13.7,29.9,71,21.0,34,1012.7
2023-01-22,26.9,29.4,24.4,0.40,0.40,4.0,26.33,15.5,33.8,74,21.7,21,1011.9
2023-01-23,26.5,29.0,23.9,3.70,3.70,15.0,25.01,18.0,37.4,80,22.7,31,1012.2
2023-01-24,26.0,28.5,23.6,1.80,1.80,13.0,24.93,17.4,38.5,78,21.9,27,1011.3
2023-01-25,26.3,28.9,23.5,0.20,0.20,1.0,26.85,15.3,31.3,72,20.8,13,1011.0
2023-01-26,26.8,29.5,24.5,1.30,1.30,5.0,25.79,16.3,34.9,73,21.5,24,1010.8
2023-01-27,26.7,29.7,23.1,1.10,1.10,5.0,25.18,15.6,33.8,75,21.7,23,1012.2
2023-01-28,27.2,29.2,25.6,0.60,0.60,3.0,26.37,20.7,43.6,67,20.5,21,1013.0
2023-01-29,27.2,29.6,24.3,0.30,0.30,3.0,25.62,18.5,39.2,66,20.1,36,1012.1
2023-01-30,27.2,29.8,24.9,1.50,1.50,8.0,24.93,18.9,39.6,68,20.7,40,1011.3
2023-01-31,27.8,30.2,25.9,1.60,1.60,8.0,25.28,18.9,40.3,64,20.3,90,1011.5
2023-02-01,26.6,29.4,23.5,2.20,2.20,12.0,25.59,17.8,37.8,73,21.2,56,1012.5
2023-02-02,27.2,29.4,24.6,1.00,1.00,9.0,23.84,18.4,38.9,70,21.1,72,1013.5
2023-02-03,27.8,30.5,25.7,0.10,0.10,1.0,25.73,17.2,38.2,64,20.2,57,1014.3
2023-02-04,27.0,29.2,24.7,4.10,4.10,10.0,24.18,19.9,44.3,73,21.7,65,1014.6
2023-02-05,26.0,28.5,23.9,5.70,5.70,13.0,23.20,15.8,33.8,84,23.0,64,1013.6
2023-02-06,25.1,27.3,22.5,26.50,26.50,14.0,17.59,17.2,40.0,83,22.0,95,1013.1
2023-02-07,26.8,29.5,24.9,1.20,1.20,4.0,25.41,21.0,45.0,63,19.1,84,1012.6
2023-02-08,26.3,29.1,23.8,2.20,2.20,9.0,24.42,18.3,38.2,72,20.7,87,1012.3
2023-02-09,26.0,28.5,24.0,4.20,4.20,15.0,23.24,19.1,40.0,82,22.6,53,1012.7
2023-02-10,26.7,29.4,24.0,4.30,4.30,13.0,24.09,19.6,41.0,77,22.2,65,1012.2
2023-02-11,26.7,29.1,23.9,1.30,1.30,6.0,24.89,20.0,40.7,72,21.1,65,1011.9
2023-02-12,26.7,29.8,23.4,1.90,1.90,13.0,24.55,18.7,39.6,75,21.9,92,1011.7
2023-02-13,27.3,29.9,24.8,2.30,2.30,13.0,25.39,20.1,42.5,75,22.2,72,1011.9
2023-02-14,26.9,29.6,24.5,2.40,2.40,17.0,22.78,18.6,40.0,76,22.3,96,1011.5
2023-02-15,26.3,29.0,23.2,3.70,3.70,14.0,22.96,16.0,35.3,81,22.6,96,1011.0
2023-02-16,27.1,29.1,25.2,2.70,2.70,10.0,20.73,16.6,34.2,76,22.4,100,1009.7
2023-02-17,27.4,29.7,25.7,2.70,2.70,11.0,25.55,18.8,39.2,72,21.8,87,1009.8
2023-02-18,27.5,30.1,25.3,0.80,0.80,5.0,23.98,18.0,39.2,68,20.9,98,1011.1
2023-02-19,26.7,29.1,24.7,2.30,2.30,13.0,21.64,15.1,35.3,77,22.2,75,1011.9
2023-02-20,27.3,30.1,24.2,2.60,2.60,11.0,24.87,19.9,42.1,72,21.7,92,1012.2
2023-02-21,27.7,30.3,25.7,0.30,0.30,2.0,22.89,21.4,45.7,70,21.6,95,1012.2
2023-02-22,25.5,27.6,23.4,18.60,18.60,21.0,15.22,17.3,40.7,85,22.7,98,1013.3
2023-02-23,25.1,28.2,22.6,7.20,7.20,15.0,20.09,18.5,37.8,87,22.6,89,1013.2
2023-02-24,25.8,29.2,22.7,1.40,1.40,8.0,24.50,16.6,34.2,83,22.5,91,1012.9
2023-02-25,25.8,28.5,23.0,1.40,1.40,11.0,24.35,15.8,33.1,84,22.8,91,1013.3
2023-02-26,27.0,29.2,24.7,4.00,4.00,12.0,24.89,16.7,35.3,77,22.4,34,1013.9
2023-02-27,27.0,29.0,25.5,1.00,1.00,7.0,22.59,18.2,37.8,75,22.2,33,1014.5
2023-02-28,27.1,29.3,25.9,1.90,1.90,8.0,24.60,18.9,39.6,74,22.0,25,1014.9
2023-03-01,26.9,29.4,24.9,2.50,2.50,13.0,24.59,20.6,42.1,77,22.3,34,1014.1
2023-03-02,27.1,29.5,24.8,1.60,1.60,7.0,25.29,21.4,43.6,74,22.1,58,1012.7
2023-03-03,27.6,29.6,26.0,0.30,0.30,2.0,25.00,17.4,36.7,69,21.3,91,1012.7
2023-03-04,27.5,29.9,25.4,0.40,0.40,3.0,25.74,19.2,40.0,71,21.6,42,1012.3
2023-03-05,27.4,29.9,25.2,0.40,0.40,2.0,25.52,19.5,40.3,72,21.9,94,1012.4
2023-03-06,27.9,29.9,26.5,0.80,0.80,3.0,20.05,18.7,39.6,68,21.4,100,1012.4
2023-03-07,27.8,29.9,25.6,1.30,1.30,7.0,24.58,21.1,44.3,69,21.4,85,1012.3
2023-03-08,27.4,29.7,25.1,3.30,3.30,8.0,24.16,22.6,45.7,72,21.8,40,1012.1
2023-03-09,27.8,29.9,26.4,0.10,0.10,1.0,23.30,21.9,43.9,68,21.2,93,1012.5
2023-03-10,27.3,29.8,25.4,1.20,1.20,9.0,22.52,17.6,36.7,73,21.9,100,1012.7
2023-03-11,27.0,29.8,24.5,2.50,2.50,11.0,25.01,17.7,36.7,76,22.4,44,1012.0
2023-03-12,27.1,30.1,24.5,2.60,2.60,14.0,23.07,18.4,37.8,77,22.6,34,1011.8
2023-03-13,26.7,29.0,24.0,2.80,2.80,13.0,23.16,16.0,35.6,80,22.7,77,1011.7
2023-03-14,26.6,30.3,22.9,7.10,7.10,6.0,25.30,15.9,34.9,76,21.7,88,1011.8
2023-03-15,25.5,28.7,23.2,3.80,3.80,14.0,18.55,18.1,39.2,82,22.1,97,1011.4
2023-03-16,25.0,28.4,22.8,7.30,7.30,12.0,16.15,15.3,34.2,84,22.2,97,1011.2
2023-03-17,25.7,28.8,22.7,2.30,2.30,6.0,21.85,12.8,30.6,83,22.5,83,1011.6
2023-03-18,25.1,27.6,22.8,11.60,11.60,14.0,20.20,12.4,30.6,86,22.5,79,1012.7
2023-03-19,25.3,28.7,22.5,4.40,4.40,11.0,17.67,13.0,28.8,84,22.2,96,1013.5
2023-03-20,26.0,28.6,23.8,3.00,3.00,15.0,20.78,14.1,31.7,82,22.5,74,1012.8
2023-03-21,25.1,27.3,23.6,10.80,10.80,19.0,16.37,16.4,34.6,87,22.7,98,1013.2
2023-03-22,25.1,27.8,22.5,7.00,7.00,18.0,18.67,21.1,42.1,85,22.2,91,1013.8
2023-03-23,26.0,29.5,22.8,3.40,3.40,17.0,24.84,21.1,42.1,80,22.0,40,1012.7
2023-03-24,26.0,28.4,23.6,2.50,2.50,15.0,22.46,13.4,29.9,82,22.6,48,1011.8
2023-03-25,25.7,28.0,23.3,1.10,1.10,9.0,20.48,14.4,37.4,83,22.5,73,1012.5
2023-03-26,26.2,29.0,23.7,6.80,6.80,15.0,21.15,19.3,40.0,81,22.6,86,1012.9
2023-03-27,26.0,28.3,22.8,2.40,2.40,8.0,23.60,14.0,31.0,79,22.1,56,1012.6
2023-03-28,26.4,28.8,23.9,1.10,1.10,7.0,24.18,16.0,34.2,78,22.3,35,1012.7
2023-03-29,24.9,26.7,23.9,23.90,23.90,24.0,14.09,13.4,32.8,88,22.8,99,1013.2
2023-03-30,25.6,29.2,23.0,6.30,6.30,17.0,22.65,17.6,36.7,81,21.9,67,1013.7
2023-03-31,25.7,28.7,22.3,0.70,0.70,6.0,24.90,13.0,29.5,80,21.7,47,1013.0
2023-04-01,26.1,28.8,23.0,0.20,0.20,2.0,22.72,16.3,33.8,78,21.8,71,1011.9
2023-04-02,26.5,29.2,23.4,0.30,0.30,3.0,22.33,12.9,27.7,78,22.2,75,1011.7
2023-04-03,26.6,29.6,23.7,0.30,0.30,3.0,23.81,16.1,33.5,76,22.0,55,1011.0
2023-04-04,25.3,27.9,23.4,6.70,6.70,18.0,20.43,17.6,37.1,86,22.7,70,1010.7
2023-04-05,25.8,28.0,23.4,3.20,3.20,12.0,21.65,15.3,33.1,82,22.3,77,1010.7
2023-04-06,26.8,29.3,24.6,1.20,1.20,11.0,22.60,17.2,36.0,75,22.0,49,1010.9
2023-04-07,26.3,29.3,23.3,1.10,1.10,10.0,23.28,17.9,36.0,82,22.9,62,1011.4
2023-04-08,25.5,27.5,24.3,14.40,14.40,21.0,16.86,15.5,33.5,88,23.3,97,1011.7
2023-04-09,25.9,28.7,23.5,6.70,6.70,10.0,20.15,15.5,31.7,85,23.1,87,1012.9
2023-04-10,26.5,29.1,24.0,1.40,1.40,10.0,20.77,16.8,34.9,80,22.6,87,1013.1
2023-04-11,26.8,28.7,25.6,0.10,0.10,1.0,22.22,15.5,32.0,75,21.9,94,1012.8
2023-04-12,26.7,29.3,23.7,0.80,0.80,4.0,22.89,19.7,40.3,77,22.3,51,1011.8
2023-04-13,26.8,29.4,24.2,2.40,2.40,11.0,21.50,20.2,41.4,74,21.5,93,1011.1
2023-04-14,26.2,29.2,23.8,2.20,2.20,10.0,18.15,13.5,31.0,78,21.9,59,1011.8
2023-04-15,27.5,29.7,25.6,0.40,0.40,4.0,23.50,17.9,37.1,73,22.1,65,1011.9
2023-04-16,26.0,28.2,24.1,2.90,2.90,10.0,17.40,18.2,37.8,83,22.8,93,1011.2
2023-04-17,26.0,29.0,23.2,1.30,1.30,6.0,22.31,16.1,34.6,85,23.2,77,1009.1
2023-04-18,26.2,28.9,23.6,1.30,1.30,8.0,21.88,12.3,28.1,85,23.5,72,1009.2
2023-04-19,26.9,29.8,23.9,0.10,0.10,1.0,23.75,12.8,28.1,83,23.5,87,1011.6
2023-04-20,26.9,29.5,23.5,0.60,0.60,6.0,21.92,14.0,31.0,82,23.3,50,1012.4
2023-04-21,26.5,29.3,24.1,2.00,2.00,11.0,21.28,18.5,38.9,81,22.8,35,1011.8
2023-04-22,26.7,30.1,23.5,3.00,3.00,8.0,20.75,22.5,46.8,73,21.2,69,1011.1
2023-04-23,26.1,29.1,24.3,4.70,4.70,16.0,21.33,18.5,36.7,79,22.2,75,1011.2
2023-04-24,25.2,27.4,23.5,5.10,5.10,17.0,17.40,16.5,34.2,85,22.5,95,1012.8
2023-04-25,24.9,27.2,23.1,7.50,7.50,19.0,15.88,15.8,34.2,88,22.8,97,1013.7
2023-04-26,26.2,28.9,23.6,4.60,4.60,17.0,20.35,19.9,40.3,82,22.6,72,1012.7
2023-04-27,25.7,28.7,22.3,6.50,6.50,9.0,20.97,12.0,25.9,84,22.8,88,1012.7
2023-04-28,26.5,29.7,24.1,0.40,0.40,4.0,22.25,14.3,31.0,80,22.6,31,1013.6
2023-04-29,26.3,29.0,23.5,1.70,1.70,9.0,21.75,15.3,31.7,82,22.9,34,1014.4
2023-04-30,24.9,26.0,23.7,13.50,13.50,17.0,11.55,9.8,25.6,90,23.1,84,1013.8
2023-05-01,25.9,28.8,23.4,2.90,2.90,16.0,21.46,14.7,30.2,84,22.8,83,1013.2
2023-05-02,26.1,29.0,22.9,0.70,0.70,5.0,22.30,14.1,31.0,81,22.3,31,1012.3
2023-05-03,25.3,27.8,22.7,4.60,4.60,19.0,18.84,13.5,29.5,86,22.7,85,1013.3
2023-05-04,25.4,28.0,23.6,6.00,6.00,19.0,17.25,13.4,31.7,87,23.0,70,1014.5
2023-05-05,26.5,29.2,23.5,2.50,2.50,12.0,20.81,17.1,35.3,80,22.6,38,1014.7
2023-05-06,26.6,28.9,24.5,1.20,1.20,6.0,22.11,16.5,34.6,76,21.9,29,1013.6
2023-05-07,26.2,28.4,23.4,1.20,1.20,10.0,21.00,17.6,37.1,80,22.3,39,1013.0
2023-05-08,26.0,28.8,23.4,1.80,1.80,14.0,20.73,17.7,36.4,81,22.3,41,1013.5
2023-05-09,25.8,28.5,23.0,1.50,1.50,11.0,20.62,16.0,34.9,82,22.5,35,1013.4
2023-05-10,26.0,28.4,23.3,2.10,2.10,12.0,20.70,13.7,30.6,82,22.6,38,1012.7
2023-05-11,26.1,29.0,22.7,1.50,1.50,7.0,20.99,12.7,27.7,79,22.0,28,1011.8
2023-05-12,27.3,29.9,25.1,0.00,0.00,0.0,20.07,13.0,27.7,68,20.9,41,1013.0
2023-05-13,26.8,29.6,23.2,0.20,0.20,2.0,19.95,14.5,33.1,75,21.8,68,1014.2
2023-05-14,27.0,29.5,24.3,4.10,4.10,12.0,17.68,17.0,35.3,76,22.2,78,1016.2
2023-05-15,27.4,29.4,26.0,0.80,0.80,6.0,20.32,15.7,32.8,72,22.0,73,1015.5
2023-05-16,26.4,29.0,23.7,1.00,1.00,8.0,20.50,15.2,33.1,79,22.4,80,1013.9
2023-05-17,26.1,28.4,24.1,3.70,3.70,16.0,15.71,14.7,32.8,83,22.8,76,1013.7
2023-05-18,26.5,28.4,24.3,2.80,2.80,11.0,16.33,17.3,35.6,79,22.4,64,1014.5
2023-05-19,26.4,29.2,23.8,0.40,0.40,4.0,20.29,17.0,36.4,77,22.0,61,1014.4
2023-05-20,24.3,26.8,23.2,12.60,12.60,13.0,7.56,19.6,36.7,89,22.4,72,1013.5
2023-05-21,24.9,28.0,22.8,14.90,14.90,15.0,15.54,15.8,32.0,86,22.3,89,1012.7
2023-05-22,25.7,28.7,24.0,9.50,9.50,18.0,16.95,16.6,34.6,86,23.0,81,1013.0
2023-05-23,25.7,28.0,23.7,26.20,26.20,23.0,16.02,22.9,46.1,85,22.9,72,1013.3
2023-05-24,24.8,26.5,23.4,7.50,7.50,14.0,8.81,14.4,30.6,89,22.9,79,1012.9
2023-05-25,26.0,28.7,22.9,3.10,3.10,14.0,18.35,20.6,41.0,81,22.3,61,1013.6
2023-05-26,26.7,28.8,24.6,4.30,4.30,16.0,19.53,18.6,37.4,77,22.2,36,1013.7
2023-05-27,25.9,29.0,23.1,2.50,2.50,15.0,19.60,16.1,33.5,81,22.4,49,1014.0
2023-05-28,25.2,27.8,23.2,5.00,5.00,15.0,18.48,18.8,38.2,86,22.5,67,1014.0
2023-05-29,25.0,26.5,23.1,5.00,5.00,12.0,10.83,13.8,27.7,86,22.5,96,1014.3
2023-05-30,25.8,28.6,23.5,0.60,0.60,6.0,20.32,22.8,45.0,80,21.9,35,1015.4
2023-05-31,25.1,27.8,23.4,3.50,3.50,17.0,15.76,19.4,39.2,85,22.4,66,1015.5
2023-06-01,25.4,28.0,22.8,0.90,0.90,9.0,19.97,13.5,29.9,85,22.5,37,1014.8
2023-06-02,25.8,28.3,23.5,2.60,2.60,14.0,19.14,19.2,37.4,83,22.6,44,1013.8
2023-06-03,25.6,28.4,23.2,2.00,2.00,15.0,19.61,20.8,41.8,81,22.0,34,1014.6
2023-06-04,25.8,28.7,23.2,2.80,2.80,13.0,19.73,22.4,43.6,80,22.0,54,1015.7
2023-06-05,24.7,28.0,22.6,4.90,4.90,20.0,16.91,20.5,40.7,85,22.0,70,1015.8
2023-06-06,25.3,29.1,22.6,1.20,1.20,5.0,18.54,11.5,23.8,82,21.8,52,1015.1
2023-06-07,24.9,27.2,23.0,4.80,4.80,21.0,15.31,16.7,34.6,87,22.5,75,1016.2
2023-06-08,25.3,27.7,23.4,6.40,6.40,19.0,16.34,19.0,38.5,84,22.3,55,1016.6
2023-06-09,25.0,26.3,23.6,11.00,11.00,18.0,9.90,15.6,34.6,85,22.3,89,1016.4
2023-06-10,25.3,28.5,23.0,1.70,1.70,9.0,20.14,17.7,36.0,81,21.6,25,1016.0
2023-06-11,23.6,24.9,22.4,21.60,21.60,21.0,7.07,19.3,37.4,90,21.8,85,1016.0
2023-06-12,25.5,28.4,23.0,5.50,5.50,15.0,18.43,18.9,38.2,81,21.9,62,1015.9
2023-06-13,25.9,28.0,24.4,2.50,2.50,11.0,19.08,18.4,38.2,76,21.3,37,1015.9
2023-06-14,24.5,25.6,23.2,14.00,14.00,22.0,8.58,20.1,42.1,89,22.5,96,1014.9
2023-06-15,24.7,26.3,23.1,11.00,11.00,21.0,13.35,20.3,43.9,88,22.6,76,1015.2
2023-06-16,25.4,28.0,23.4,2.20,2.20,9.0,16.72,23.4,45.7,80,21.6,64,1014.9
2023-06-17,24.7,26.2,23.1,15.60,15.60,12.0,7.53,14.4,27.0,84,21.8,90,1015.4
2023-06-18,25.2,27.7,22.9,0.20,0.20,2.0,18.54,17.1,35.3,82,21.8,65,1015.8
2023-06-19,24.8,27.5,22.1,2.10,2.10,12.0,18.69,16.6,33.8,85,22.0,51,1016.2
2023-06-20,24.3,26.5,22.8,10.40,10.40,22.0,14.16,20.0,39.2,87,21.9,100,1016.7
2023-06-21,24.5,26.5,22.6,4.80,4.80,18.0,16.12,21.6,45.4,81,21.0,73,1016.4
2023-06-22,23.7,26.4,22.1,8.50,8.50,24.0,14.34,23.1,46.1,87,21.4,80,1016.4
2023-06-23,24.2,25.9,22.8,14.80,14.80,23.0,13.55,24.0,46.1,86,21.8,74,1015.8
2023-06-24,24.2,26.1,22.1,7.70,7.70,21.0,13.87,17.3,37.8,85,21.4,64,1016.1
2023-06-25,24.0,25.9,22.2,16.60,16.60,23.0,14.64,23.3,49.0,87,21.6,77,1016.0
2023-06-26,23.7,25.8,22.8,44.70,44.70,24.0,11.42,22.1,45.7,90,22.0,89,1015.7
2023-06-27,24.0,25.9,22.9,18.30,18.30,23.0,14.26,17.4,33.8,88,21.8,82,1015.9
2023-06-28,24.1,25.3,22.9,7.50,7.50,22.0,9.50,18.7,41.0,88,21.9,97,1015.8
2023-06-29,24.2,26.3,23.1,12.30,12.30,21.0,13.49,18.3,36.4,89,22.3,86,1016.3
2023-06-30,23.9,24.9,23.1,33.50,33.50,19.0,5.41,19.6,35.3,90,22.1,92,1016.6
2023-07-01,24.2,26.6,22.1,2.90,2.90,19.0,17.57,18.0,37.1,86,21.7,53,1015.5
2023-07-02,23.5,24.8,22.2,4.30,4.30,17.0,8.45,15.2,27.7,90,21.8,99,1015.0
2023-07-03,24.3,26.4,22.3,3.90,3.90,12.0,10.98,22.3,41.4,84,21.3,97,1015.6
2023-07-04,24.4,27.2,22.6,2.90,2.90,13.0,18.57,25.4,49.3,78,20.3,71,1017.6
2023-07-05,24.1,26.4,22.5,6.50,6.50,22.0,17.83,26.0,50.4,82,20.8,67,1017.9
2023-07-06,23.8,25.9,22.4,11.10,11.10,22.0,14.01,20.7,45.0,89,21.8,89,1016.2
2023-07-07,23.2,24.3,21.5,31.90,31.90,24.0,5.34,20.4,39.6,93,22.0,95,1015.5
2023-07-08,24.5,26.5,22.8,4.40,4.40,14.0,15.80,18.0,35.6,87,22.2,57,1015.1
2023-07-09,24.9,27.1,22.7,4.20,4.20,14.0,12.47,15.2,35.3,81,21.3,62,1016.1
2023-07-10,25.2,27.3,23.3,0.30,0.30,3.0,20.35,16.3,33.1,77,20.7,14,1016.6
2023-07-11,24.5,27.6,21.6,0.90,0.90,4.0,18.71,21.3,42.5,80,20.8,33,1015.3
2023-07-12,24.6,27.1,22.4,1.30,1.30,8.0,20.43,17.1,35.6,81,21.0,21,1013.4
2023-07-13,24.1,26.7,21.6,1.00,1.00,8.0,19.21,11.2,25.2,84,21.1,33,1014.1
2023-07-14,24.9,27.8,21.3,0.00,0.00,0.0,20.29,10.5,24.8,81,21.4,23,1014.4
2023-07-15,24.9,27.0,22.4,2.10,2.10,14.0,19.13,15.2,31.7,84,21.9,31,1015.2
2023-07-16,23.7,25.5,22.3,2.50,2.50,13.0,13.48,19.1,40.3,85,21.0,60,1017.0
2023-07-17,24.1,26.4,22.0,1.40,1.40,14.0,19.04,18.5,36.4,82,20.7,35,1017.8
2023-07-18,24.4,27.1,22.0,2.90,2.90,20.0,19.02,22.1,43.6,81,20.8,43,1018.8
2023-07-19,24.5,27.1,21.5,3.60,3.60,16.0,17.90,25.5,49.0,80,20.6,59,1019.6
2023-07-20,24.9,26.4,23.6,1.10,1.10,6.0,18.85,28.2,54.0,71,19.3,48,1019.5
2023-07-21,24.8,27.0,23.4,1.70,1.70,10.0,20.22,24.2,46.8,71,19.1,34,1018.9
2023-07-22,23.5,25.3,21.5,6.40,6.40,23.0,14.21,20.4,41.0,82,20.1,72,1018.6
2023-07-23,24.5,26.8,23.1,2.40,2.40,17.0,20.09,23.2,45.0,74,19.5,45,1018.8
2023-07-24,23.7,25.7,20.9,2.40,2.40,18.0,18.38,20.6,41.8,83,20.5,45,1018.2
2023-07-25,24.2,27.3,21.6,3.80,3.80,13.0,20.60,20.0,40.0,79,20.2,73,1016.9
2023-07-26,24.7,27.4,22.5,1.80,1.80,11.0,20.34,17.7,37.1,80,20.8,44,1016.6
2023-07-27,24.1,26.6,22.3,3.30,3.30,19.0,19.21,18.0,36.0,86,21.5,60,1017.5
2023-07-28,24.9,26.8,23.2,4.00,4.00,15.0,20.17,21.9,44.3,81,21.3,37,1017.7
2023-07-29,24.4,27.2,22.0,1.80,1.80,12.0,20.42,15.8,32.4,83,21.3,45,1017.7
2023-07-30,24.5,27.0,22.7,1.10,1.10,9.0,20.14,21.7,42.8,83,21.4,39,1018.7
2023-07-31,24.2,27.2,21.5,0.00,0.00,0.0,21.07,21.1,42.5,79,20.2,19,1019.0
2023-08-01,24.1,26.9,21.3,0.60,0.60,2.0,21.33,14.2,30.6,82,20.8,34,1018.5
2023-08-02,24.2,27.2,21.7,7.00,7.00,20.0,19.45,20.0,40.3,86,21.7,90,1018.2
2023-08-03,24.7,26.6,23.2,2.50,2.50,13.0,19.93,22.9,45.4,77,20.2,54,1017.2
2023-08-04,23.8,26.7,20.7,0.20,0.20,1.0,19.12,17.3,35.6,74,18.7,54,1017.2
2023-08-05,23.9,26.8,21.1,0.80,0.80,7.0,21.02,17.2,36.0,78,19.9,38,1018.8
2023-08-06,24.6,27.3,22.9,6.40,6.40,23.0,19.81,21.9,43.2,82,21.3,65,1019.3
2023-08-07,24.7,26.6,23.0,4.50,4.50,21.0,18.75,23.0,46.1,80,21.0,53,1019.3
2023-08-08,24.2,25.8,22.6,5.20,5.20,18.0,14.17,16.9,35.3,85,21.5,60,1018.4
2023-08-09,25.0,27.1,23.4,0.10,0.10,1.0,21.11,21.7,43.6,73,19.8,23,1017.6
2023-08-10,24.1,26.9,21.4,1.50,1.50,8.0,21.75,20.5,41.8,79,20.0,24,1016.9
2023-08-11,24.3,26.4,22.5,7.30,7.30,21.0,18.81,20.1,40.3,79,20.4,48,1016.3
2023-08-12,23.7,26.7,21.0,1.70,1.70,11.0,21.14,22.4,45.4,81,20.1,44,1015.9
2023-08-13,23.5,25.7,20.9,2.60,2.60,15.0,17.63,22.1,42.8,81,20.0,57,1015.4
2023-08-14,23.5,25.0,21.4,11.80,11.80,15.0,12.18,22.2,44.6,82,20.1,76,1015.8
2023-08-15,24.6,26.5,23.1,1.90,1.90,7.0,21.44,23.3,48.6,71,19.0,75,1015.9
2023-08-16,24.5,27.4,22.5,4.00,4.00,13.0,21.87,20.8,42.5,75,19.6,74,1016.3
2023-08-17,24.4,26.9,22.7,4.10,4.10,19.0,19.87,22.5,43.9,81,20.7,74,1015.7
2023-08-18,24.1,25.8,22.3,10.70,10.70,21.0,15.93,18.7,36.7,83,21.0,86,1014.5
2023-08-19,23.9,25.4,22.8,9.60,9.60,22.0,12.96,16.5,36.4,87,21.5,85,1013.9
2023-08-20,24.1,25.9,22.4,5.60,5.60,19.0,14.84,13.6,33.1,88,21.8,81,1014.2
2023-08-21,25.2,27.3,23.2,3.40,3.40,17.0,19.68,18.5,38.2,82,21.9,53,1013.6
2023-08-22,25.2,27.6,23.8,1.30,1.30,7.0,20.25,17.5,36.0,81,21.8,34,1013.4
2023-08-23,24.9,27.2,22.7,3.50,3.50,12.0,21.95,15.1,32.8,82,21.6,40,1013.8
2023-08-24,25.1,27.0,23.7,2.40,2.40,8.0,20.20,20.9,41.4,81,21.6,31,1013.8
2023-08-25,25.2,27.5,23.4,0.10,0.10,1.0,21.95,15.1,31.0,75,20.5,47,1013.7
2023-08-26,24.8,28.2,21.1,0.00,0.00,0.0,20.30,13.7,29.9,84,21.8,48,1013.3
2023-08-27,25.4,28.4,22.7,1.10,1.10,9.0,22.45,14.4,31.0,87,23.0,27,1014.6
2023-08-28,25.6,28.1,23.2,2.10,2.10,15.0,22.58,11.4,26.6,85,22.8,38,1016.1
2023-08-29,25.4,27.6,23.6,3.20,3.20,16.0,20.61,17.6,36.4,85,22.6,54,1016.9
2023-08-30,25.4,28.4,23.5,1.30,1.30,8.0,23.91,16.1,37.1,80,21.5,33,1015.5
2023-08-31,25.1,27.6,22.5,2.40,2.40,12.0,22.22,16.4,34.9,83,21.9,36,1015.9
2023-09-01,25.6,28.1,23.6,0.00,0.00,0.0,22.93,13.0,29.9,72,20.1,25,1016.4
2023-09-02,24.5,26.4,23.0,5.20,5.20,22.0,16.93,19.1,38.9,87,22.2,64,1016.4
2023-09-03,25.1,27.5,23.4,0.20,0.20,2.0,17.04,22.4,43.9,78,20.9,44,1016.2
2023-09-04,25.1,28.0,23.6,2.40,2.40,15.0,21.04,20.9,41.0,79,21.2,50,1016.7
2023-09-05,25.1,27.4,22.0,4.30,4.30,14.0,23.12,23.7,46.4,78,20.9,67,1017.2
2023-09-06,24.2,26.6,22.0,3.90,3.90,16.0,18.63,19.6,40.0,79,20.3,51,1016.7
2023-09-07,23.4,25.6,21.6,10.90,10.90,21.0,17.05,20.5,39.2,86,20.9,72,1017.4
2023-09-08,24.3,26.3,21.9,5.90,5.90,14.0,17.85,21.7,43.2,79,20.2,61,1016.8
2023-09-09,23.9,26.9,21.3,5.00,5.00,21.0,21.05,22.0,43.9,81,20.3,58,1017.2
2023-09-10,24.6,26.6,22.4,5.60,5.60,17.0,19.77,23.7,47.5,78,20.4,53,1017.1
2023-09-11,24.6,26.6,22.8,3.20,3.20,15.0,21.02,21.3,43.6,78,20.4,49,1016.6
2023-09-12,24.0,25.5,22.7,11.10,11.10,21.0,13.04,18.3,40.0,86,21.5,75,1016.1
2023-09-13,24.5,26.6,22.9,4.10,4.10,19.0,18.85,24.3,48.2,83,21.4,58,1015.7
2023-09-14,25.2,27.5,23.4,0.70,0.70,7.0,22.84,19.4,38.9,78,21.1,33,1015.2
2023-09-15,25.1,27.4,22.8,0.70,0.70,3.0,23.38,15.2,33.5,78,20.9,32,1015.5
2023-09-16,25.0,26.9,23.9,2.10,2.10,11.0,20.20,20.4,41.0,78,20.9,44,1016.5
2023-09-17,24.8,26.9,23.2,4.50,4.50,17.0,21.01,24.2,49.3,83,21.8,46,1015.6
2023-09-18,25.0,27.3,23.6,9.10,9.10,19.0,20.76,24.7,48.2,84,22.0,64,1014.8
2023-09-19,24.7,27.2,21.9,21.10,21.10,23.0,18.55,21.6,43.2,86,22.2,68,1014.1
2023-09-20,25.3,27.6,23.3,2.40,2.40,11.0,23.85,21.5,43.9,78,21.1,39,1014.8
2023-09-21,25.3,27.3,23.9,3.70,3.70,9.0,22.42,22.2,44.3,76,20.8,55,1014.5
2023-09-22,25.1,27.5,23.5,1.80,1.80,11.0,22.90,20.4,40.0,79,21.1,59,1014.5
2023-09-23,25.0,26.9,23.0,4.10,4.10,17.0,20.98,17.2,36.0,84,22.0,52,1014.8
2023-09-24,25.3,27.7,23.0,4.90,4.90,12.0,23.50,19.0,38.5,82,22.0,47,1014.6
2023-09-25,25.7,27.7,23.9,0.20,0.20,2.0,24.32,14.8,32.0,78,21.5,35,1013.9
2023-09-26,25.8,28.2,23.9,0.60,0.60,5.0,23.19,16.1,33.8,78,21.7,76,1013.6
2023-09-27,25.5,27.8,22.9,0.40,0.40,4.0,23.34,16.8,35.3,74,20.3,56,1013.9
2023-09-28,25.3,28.0,22.0,0.00,0.00,0.0,23.59,15.3,33.5,77,20.9,80,1013.5
2023-09-29,25.6,28.1,22.8,0.80,0.80,6.0,23.53,16.8,33.1,81,22.0,67,1014.4
2023-09-30,24.9,27.1,23.2,4.20,4.20,14.0,21.47,22.2,44.6,82,21.6,57,1014.5
2023-10-01,25.0,27.5,22.6,1.40,1.40,5.0,23.19,17.5,37.1,76,20.5,37,1014.1
2023-10-02,25.4,28.1,22.3,0.00,0.00,0.0,23.73,14.1,30.2,72,20.0,63,1013.2
2023-10-03,26.1,28.6,24.4,0.00,0.00,0.0,24.34,15.6,34.9,72,20.6,55,1013.1
2023-10-04,25.5,28.4,23.4,1.70,1.70,9.0,24.10,18.8,39.6,74,20.4,37,1013.1
2023-10-05,26.3,28.6,24.6,0.90,0.90,5.0,25.40,18.9,40.7,71,20.5,67,1014.1
2023-10-06,26.0,28.1,24.1,3.90,3.90,13.0,22.01,22.6,45.7,78,21.9,37,1014.9
2023-10-07,25.7,28.6,23.4,3.70,3.70,17.0,23.28,18.3,38.9,80,22.0,69,1015.8
2023-10-08,25.6,28.1,23.0,4.50,4.50,13.0,24.81,19.8,41.0,80,21.9,50,1016.2
2023-10-09,25.8,28.2,23.7,3.70,3.70,10.0,25.66,21.9,45.0,75,21.0,28,1015.5
2023-10-10,25.7,28.2,23.8,0.30,0.30,3.0,23.89,15.5,32.8,73,20.4,23,1015.1
2023-10-11,25.2,27.5,22.9,2.80,2.80,13.0,23.60,18.4,39.6,76,20.6,34,1014.7
2023-10-12,25.6,28.4,22.7,2.90,2.90,10.0,23.48,17.7,37.8,76,21.0,38,1014.2
2023-10-13,26.3,28.4,24.5,2.30,2.30,8.0,25.04,18.6,40.0,76,21.6,24,1014.9
2023-10-14,26.1,28.7,24.6,1.70,1.70,6.0,23.90,19.6,41.8,75,21.2,55,1015.6
2023-10-15,25.4,27.7,22.8,3.60,3.60,11.0,24.03,24.7,50.8,75,20.5,60,1016.3
2023-10-16,24.6,28.0,21.4,3.60,3.60,10.0,23.91,23.8,48.6,76,19.9,58,1015.3
2023-10-17,24.7,27.7,22.7,3.30,3.30,10.0,24.89,22.5,46.1,75,19.9,60,1014.3
2023-10-18,24.6,27.3,21.0,0.70,0.70,3.0,23.50,18.8,39.6,77,20.2,51,1014.2
2023-10-19,25.3,27.4,22.5,1.40,1.40,10.0,22.41,13.7,29.9,78,21.1,66,1014.5
2023-10-20,25.6,28.4,23.4,2.30,2.30,13.0,24.70,17.1,36.4,78,21.3,58,1014.6
2023-10-21,25.7,28.6,23.1,3.00,3.00,15.0,25.12,17.0,36.7,78,21.4,48,1014.3
2023-10-22,25.6,28.4,23.1,2.90,2.90,11.0,24.10,16.1,35.3,77,21.2,90,1014.5
2023-10-23,25.7,28.5,23.2,0.00,0.00,0.0,25.75,19.4,41.0,73,20.3,39,1014.2
2023-10-24,25.7,28.4,23.0,0.10,0.10,1.0,24.93,14.8,32.4,75,20.8,27,1013.3
2023-10-25,25.8,29.2,22.3,0.30,0.30,3.0,25.40,18.5,38.5,75,20.8,42,1011.8
2023-10-26,26.6,30.2,23.6,0.40,0.40,4.0,23.35,20.9,43.6,73,21.1,52,1010.9
2023-10-27,26.8,29.8,24.8,0.90,0.90,5.0,25.25,18.7,39.6,77,22.4,32,1012.0
2023-10-28,26.7,29.3,25.1,0.70,0.70,5.0,24.12,20.2,41.0,72,21.2,88,1012.7
2023-10-29,26.2,28.6,24.6,1.00,1.00,8.0,24.33,26.0,51.1,72,20.8,75,1012.5
2023-10-30,26.2,29.1,23.9,0.80,0.80,6.0,26.22,20.9,41.0,69,20.0,83,1012.0
2023-10-31,26.4,29.0,24.2,0.50,0.50,3.0,23.41,16.7,35.3,71,20.5,87,1011.1
2023-11-01,27.0,29.9,25.0,0.30,0.30,3.0,24.87,17.7,37.8,73,21.7,46,1011.4
2023-11-02,27.1,29.7,25.0,0.90,0.90,8.0,25.02,22.3,46.4,75,22.2,35,1011.6
2023-11-03,26.8,29.3,24.7,1.40,1.40,12.0,25.38,19.2,41.0,77,22.4,47,1012.4
2023-11-04,26.8,29.6,24.4,2.30,2.30,12.0,23.90,17.6,38.5,77,22.3,54,1011.5
2023-11-05,27.0,29.4,24.8,0.60,0.60,5.0,24.32,18.0,39.2,76,22.2,40,1011.1
2023-11-06,26.9,29.6,24.9,0.80,0.80,7.0,24.36,18.1,37.4,74,21.7,31,1012.9
2023-11-07,26.2,28.3,23.9,3.70,3.70,13.0,25.21,19.6,41.8,77,21.8,29,1013.9
2023-11-08,26.3,29.3,23.5,3.40,3.40,10.0,25.04,22.4,44.3,75,21.4,31,1014.4
2023-11-09,26.7,29.7,24.2,1.10,1.10,8.0,26.29,20.9,42.8,69,20.3,35,1014.6
2023-11-10,26.5,28.9,24.1,0.90,0.90,5.0,25.65,20.3,42.1,70,20.5,28,1015.0
2023-11-11,26.9,29.2,25.0,0.00,0.00,0.0,24.91,19.1,40.3,65,19.7,54,1013.5
2023-11-12,26.6,29.2,25.0,0.20,0.20,1.0,26.06,22.6,45.7,67,19.8,25,1013.2
2023-11-13,26.7,29.8,23.7,0.10,0.10,1.0,25.17,15.7,35.6,71,20.8,65,1012.5
2023-11-14,26.7,29.7,23.9,1.20,1.20,9.0,25.93,16.8,37.1,78,22.4,68,1012.5
2023-11-15,26.8,29.2,25.2,1.70,1.70,11.0,25.19,19.6,41.0,77,22.3,73,1012.2
2023-11-16,27.0,29.6,25.1,2.10,2.10,9.0,25.12,20.3,43.6,73,21.8,36,1012.1
2023-11-17,27.0,29.7,24.4,1.50,1.50,5.0,26.12,17.7,37.1,72,21.4,39,1012.5
2023-11-18,27.4,30.1,25.4,0.40,0.40,3.0,24.76,16.8,37.4,70,21.3,32,1013.1
2023-11-19,27.0,29.7,24.5,3.30,3.30,10.0,23.69,19.0,41.0,75,22.1,35,1012.7
2023-11-20,26.9,29.3,24.4,1.90,1.90,9.0,23.12,19.1,40.3,73,21.6,27,1012.2
2023-11-21,26.6,28.3,24.7,2.00,2.00,13.0,17.32,18.2,38.2,74,21.5,44,1012.4
2023-11-22,26.8,29.3,25.1,1.70,1.70,6.0,24.71,20.5,42.8,72,21.3,25,1012.8
2023-11-23,27.3,29.4,25.3,0.20,0.20,2.0,25.15,18.7,39.2,66,20.2,35,1014.3
2023-11-24,27.4,30.0,25.4,0.00,0.00,0.0,26.16,15.0,34.2,65,20.1,26,1014.3
2023-11-25,26.8,29.7,23.3,0.00,0.00,0.0,25.45,18.4,38.2,65,19.5,37,1013.3
2023-11-26,27.4,30.6,24.5,0.70,0.70,3.0,26.20,21.7,42.1,58,18.0,37,1013.4
2023-11-27,24.8,26.1,23.6,15.70,15.70,23.0,15.86,17.8,37.8,85,22.2,88,1014.4
2023-11-28,25.9,28.7,23.4,5.40,5.40,12.0,23.75,18.5,38.9,78,21.5,52,1014.5
2023-11-29,26.3,28.5,24.2,0.00,0.00,0.0,23.48,16.6,35.6,69,20.2,41,1013.0
2023-11-30,26.1,28.8,23.8,1.90,1.90,9.0,23.19,15.1,33.5,78,21.9,58,1012.6
2023-12-01,26.8,29.6,25.0,0.50,0.50,5.0,24.74,12.5,29.2,73,21.5,58,1013.0
2023-12-02,26.7,29.6,24.2,2.00,2.00,10.0,25.88,17.0,37.1,77,22.2,74,1012.3
2023-12-03,26.5,28.7,24.1,3.20,3.20,15.0,23.01,17.7,38.2,82,23.1,89,1012.1
2023-12-04,26.3,29.0,23.3,0.90,0.90,9.0,23.09,14.5,32.8,82,22.8,95,1013.4
2023-12-05,26.6,29.1,24.5,1.20,1.20,7.0,23.95,17.0,35.6,77,22.1,48,1013.7
2023-12-06,25.9,28.6,23.4,3.60,3.60,15.0,26.02,14.7,31.7,76,21.3,44,1013.1
2023-12-07,26.1,29.1,23.2,4.30,4.30,18.0,24.84,16.6,36.7,78,21.7,94,1013.0
2023-12-08,26.9,29.5,24.8,1.70,1.70,10.0,25.47,17.9,38.2,75,22.0,97,1013.1
2023-12-09,27.3,29.1,25.3,1.10,1.10,6.0,23.68,19.9,41.4,69,21.1,73,1012.2
2023-12-10,27.2,29.4,25.0,0.60,0.60,5.0,24.92,18.9,38.9,68,20.6,45,1012.5
2023-12-11,26.0,28.6,23.4,1.60,1.60,9.0,22.94,15.7,34.6,78,21.7,39,1012.9
2023-12-12,27.2,29.8,25.5,0.20,0.20,2.0,23.08,17.0,35.6,69,21.0,34,1013.2
2023-12-13,26.6,29.7,24.9,0.90,0.90,7.0,24.74,21.8,43.2,72,21.0,27,1012.2
2023-12-14,26.5,28.9,24.0,1.30,1.30,7.0,23.35,21.6,45.0,73,21.2,35,1011.2
2023-12-15,26.8,29.0,25.3,3.60,3.60,12.0,22.06,22.5,46.1,74,21.7,96,1011.5
2023-12-16,26.4,29.1,24.0,0.10,0.10,1.0,20.93,19.0,39.2,76,21.7,99,1011.8
2023-12-17,26.6,29.2,23.8,0.60,0.60,5.0,23.61,18.4,39.6,76,22.0,90,1010.7
2023-12-18,26.3,28.6,23.9,4.20,4.20,12.0,19.15,12.7,29.9,79,22.4,97,1010.0
2023-12-19,25.4,27.6,23.5,50.30,50.30,16.0,11.94,13.0,28.8,86,22.8,100,1010.9
2023-12-20,25.5,28.7,23.4,14.30,14.30,18.0,14.44,18.5,37.4,88,23.4,95,1012.2
2023-12-21,26.2,28.4,23.9,10.70,10.70,13.0,16.06,23.8,47.2,84,23.1,97,1013.0
2023-12-22,26.6,28.6,25.5,3.30,3.30,7.0,23.95,20.1,40.7,77,22.2,65,1013.4
2023-12-23,26.0,28.4,24.4,2.50,2.50,15.0,22.22,17.2,35.3,82,22.7,52,1013.2
2023-12-24,26.1,28.8,23.9,2.10,2.10,11.0,25.23,15.6,33.5,82,22.7,83,1014.1
2023-12-25,27.0,29.5,24.9,1.20,1.20,9.0,24.82,17.6,36.0,78,22.8,53,1013.9
2023-12-26,26.6,28.9,24.7,3.40,3.40,16.0,23.55,18.0,37.8,84,23.7,70,1013.4
2023-12-27,27.0,29.0,25.4,1.20,1.20,8.0,24.87,13.8,31.3,80,23.3,60,1012.9
2023-12-28,27.0,29.4,25.3,0.00,0.00,0.0,24.11,15.9,32.0,74,21.9,45,1013.2
2023-12-29,26.5,29.1,24.4,0.80,0.80,5.0,24.73,17.1,35.3,75,21.7,69,1013.4
2023-12-30,27.1,29.8,24.4,0.00,0.00,0.0,26.02,15.7,34.6,71,21.3,17,1012.5
2023-12-31,27.1,29.8,24.3,1.80,1.80,12.0,23.08,16.2,34.9,78,23.0,51,1012.1
2024-01-01,26.2,28.9,23.6,2.30,2.30,11.0,22.35,14.5,31.0,83,22.9,34,1012.6
2024-01-02,26.1,29.4,23.1,2.00,2.00,8.0,23.47,17.1,37.1,82,22.8,32,1012.2
2024-01-03,27.0,30.1,23.8,1.40,1.40,7.0,24.88,16.6,36.7,79,22.8,34,1013.1
2024-01-04,27.3,29.6,24.9,1.10,1.10,10.0,25.28,17.2,36.7,77,22.8,24,1012.6
2024-01-05,27.3,30.2,23.9,0.60,0.60,6.0,26.13,16.6,36.7,78,22.9,21,1011.6
2024-01-06,27.4,29.8,25.2,0.90,0.90,8.0,26.29,16.2,36.0,76,22.8,19,1011.9
2024-01-07,27.5,30.3,25.4,0.00,0.00,0.0,27.22,15.1,33.1,74,22.2,14,1012.5
2024-01-08,27.4,30.6,24.1,1.10,1.10,10.0,25.10,16.9,37.4,74,22.2,35,1012.7
2024-01-09,27.6,30.4,24.2,1.70,1.70,10.0,25.83,16.0,35.6,74,22.5,55,1012.9
2024-01-10,26.7,29.1,24.6,6.70,6.70,23.0,21.41,17.9,37.1,78,22.5,64,1012.4
2024-01-11,26.0,28.2,24.0,2.60,2.60,10.0,19.25,13.4,32.8,81,22.5,81,1012.5
2024-01-12,26.7,29.4,23.8,0.40,0.40,4.0,23.14,16.5,36.0,74,21.6,24,1011.8
2024-01-13,26.1,28.9,23.6,3.00,3.00,14.0,21.95,13.6,33.5,81,22.4,60,1013.4
2024-01-14,26.9,30.2,23.1,0.70,0.70,5.0,25.69,18.0,38.5,77,22.2,83,1015.1
2024-01-15,27.8,30.4,26.0,0.20,0.20,2.0,26.91,15.9,34.6,67,21.0,30,1015.0
2024-01-16,27.4,29.8,24.9,1.00,1.00,6.0,27.46,15.7,35.3,69,21.1,28,1014.6
2024-01-17,27.0,30.3,23.3,0.50,0.50,3.0,25.98,15.0,34.6,74,21.8,23,1014.2
2024-01-18,26.9,28.8,25.0,1.00,1.00,7.0,22.86,18.2,39.2,78,22.6,44,1013.8
2024-01-19,27.0,29.2,25.0,0.80,0.80,8.0,23.34,15.3,34.2,79,23.0,42,1013.6
2024-01-20,27.6,30.8,24.2,1.50,1.50,7.0,24.18,17.4,38.2,75,22.6,47,1012.8
2024-01-21,27.9,31.1,24.9,0.60,0.60,4.0,24.01,19.4,42.1,72,22.1,25,1013.0
2024-01-22,28.4,31.5,25.2,0.30,0.30,3.0,25.34,22.4,45.4,72,22.7,31,1013.2
2024-01-23,28.3,31.7,25.3,0.60,0.60,2.0,26.29,23.2,46.8,73,22.9,35,1012.4
2024-01-24,28.0,31.2,25.0,0.90,0.90,5.0,24.85,22.3,46.4,75,22.9,79,1011.7
2024-01-25,27.7,31.2,25.1,1.70,1.70,10.0,23.96,21.4,45.7,75,22.8,78,1011.6
2024-01-26,27.5,30.7,24.5,2.00,2.00,11.0,24.10,20.7,42.8,78,23.2,93,1012.5
2024-01-27,27.7,30.4,25.0,1.30,1.30,10.0,22.96,17.1,37.4,76,23.1,97,1013.8
2024-01-28,27.3,30.3,24.3,4.70,4.70,15.0,25.24,17.3,37.4,79,23.1,71,1014.6
2024-01-29,26.9,30.0,23.4,1.80,1.80,10.0,25.62,18.8,38.9,79,22.7,24,1014.6
2024-01-30,27.6,30.6,24.9,0.00,0.00,0.0,25.14,15.9,35.3,73,22.2,26,1013.8
2024-01-31,27.3,30.0,24.0,0.00,0.00,0.0,26.81,17.3,37.4,72,21.6,32,1013.5
2024-02-01,26.9,28.6,25.7,2.80,2.80,13.0,15.64,13.9,30.2,78,22.7,66,1013.2
2024-02-02,28.1,30.3,26.1,0.90,0.90,8.0,25.71,21.0,43.6,67,21.4,64,1013.3
2024-02-03,28.3,30.6,26.5,0.30,0.30,2.0,26.77,19.9,40.0,67,21.4,30,1013.7
2024-02-04,28.2,31.1,26.0,0.00,0.00,0.0,26.85,17.0,36.7,70,22.0,23,1013.3
2024-02-05,27.9,29.9,26.3,1.80,1.80,10.0,25.31,19.5,40.7,73,22.6,55,1013.0
2024-02-06,27.3,30.3,24.0,1.80,1.80,9.0,27.14,15.2,34.6,79,23.2,79,1014.4
2024-02-07,28.0,30.7,25.1,1.40,1.40,11.0,26.53,16.7,37.8,76,23.2,99,1013.3
2024-02-08,28.2,30.7,26.1,2.50,2.50,10.0,26.22,19.1,40.3,74,23.1,45,1012.7
2024-02-09,27.7,30.1,24.8,3.40,3.40,10.0,24.78,17.0,37.1,75,22.7,75,1013.4
2024-02-10,29.2,32.3,27.6,0.30,0.30,2.0,25.48,23.1,45.7,64,21.5,77,1013.9
2024-02-11,26.6,28.4,24.8,5.80,5.80,17.0,19.85,20.2,43.6,81,23.0,79,1014.0
2024-02-12,27.2,30.5,25.1,6.10,6.10,18.0,22.68,24.7,49.7,79,23.1,92,1013.4
2024-02-13,27.2,30.4,24.5,8.60,8.60,16.0,24.34,15.7,35.6,80,23.4,88,1013.5
2024-02-14,27.0,29.7,24.5,2.10,2.10,16.0,24.74,18.2,40.3,83,23.7,86,1014.3
2024-02-15,26.6,29.8,24.9,12.60,12.60,14.0,20.92,13.9,29.9,85,23.8,96,1014.4
2024-02-16,26.1,28.9,23.6,3.00,3.00,5.0,12.52,12.2,23.4,85,23.2,94,1014.0
2024-02-17,26.9,30.3,24.2,7.90,7.90,15.0,22.82,15.5,33.8,85,24.1,74,1012.6
2024-02-18,26.2,28.2,25.5,5.10,5.10,17.0,13.56,13.8,31.3,89,24.2,99,1012.1
2024-02-19,27.5,30.3,24.8,1.60,1.60,10.0,23.24,14.2,30.2,84,24.4,90,1010.9
2024-02-20,27.6,30.3,25.0,1.90,1.90,11.0,25.45,15.5,31.7,83,24.3,92,1010.1
2024-02-21,26.3,29.4,24.6,6.50,6.50,16.0,21.73,14.3,33.1,86,23.8,80,1011.3
2024-02-22,27.1,29.8,24.2,2.70,2.70,13.0,24.47,13.9,31.7,83,23.8,63,1012.1
2024-02-23,26.5,29.0,23.1,5.40,5.40,15.0,23.52,17.2,37.1,84,23.4,46,1013.2
2024-02-24,27.1,30.1,24.3,2.30,2.30,16.0,23.73,26.7,54.0,80,23.2,46,1013.5
2024-02-25,26.2,29.1,23.7,12.00,12.00,22.0,21.27,23.2,46.1,85,23.4,75,1012.9
2024-02-26,27.8,30.2,25.4,1.10,1.10,10.0,23.41,22.7,46.8,72,22.2,65,1011.4
2024-02-27,26.2,28.6,24.5,16.60,16.60,19.0,21.53,16.7,35.6,83,23.2,99,1011.3
2024-02-28,26.0,29.8,24.2,19.20,19.20,15.0,21.66,16.9,36.4,86,23.5,82,1012.6
2024-02-29,26.9,29.7,23.7,0.10,0.10,1.0,26.37,13.9,31.7,83,23.6,41,1012.5
2024-03-01,27.6,31.4,24.1,0.00,0.00,0.0,26.54,15.7,34.6,79,23.5,14,1011.6
2024-03-02,28.1,31.1,25.3,0.60,0.60,3.0,26.22,15.4,34.9,80,24.2,34,1011.1
2024-03-03,27.7,30.3,25.0,1.60,1.60,8.0,26.00,14.3,32.0,80,23.9,41,1011.5
2024-03-04,28.4,30.9,25.3,0.00,0.00,0.0,27.00,12.4,28.4,72,22.8,15,1012.2
2024-03-05,27.4,29.9,25.1,6.90,6.90,15.0,23.49,17.1,35.6,80,23.6,79,1013.0
2024-03-06,27.2,30.1,25.4,5.20,5.20,16.0,22.28,17.7,39.6,83,24.0,91,1013.3
2024-03-07,28.0,30.4,25.8,3.10,3.10,16.0,25.00,22.2,44.6,77,23.5,46,1013.5
2024-03-08,28.7,30.8,26.0,0.40,0.40,4.0,26.20,19.9,37.8,68,22.1,84,1012.6
2024-03-09,26.6,29.6,23.9,16.90,16.90,20.0,23.76,18.2,38.5,84,23.6,60,1012.0
2024-03-10,27.0,30.3,23.6,10.30,10.30,10.0,25.46,15.1,32.8,79,22.9,33,1012.5
2024-03-11,27.8,31.0,24.0,0.70,0.70,2.0,24.96,15.5,31.7,75,22.8,64,1013.4
2024-03-12,27.1,29.6,24.5,4.40,4.40,9.0,23.31,14.3,30.6,85,24.4,83,1014.2
2024-03-13,27.0,30.1,24.8,3.80,3.80,12.0,20.46,16.2,41.0,86,24.3,98,1013.7
2024-03-14,26.8,28.4,25.4,4.80,4.80,12.0,18.81,13.5,34.6,87,24.4,97,1012.5
2024-03-15,28.1,30.1,26.3,1.30,1.30,7.0,24.20,21.1,42.8,75,23.3,61,1011.3
2024-03-16,27.8,30.1,25.8,2.70,2.70,10.0,22.96,19.2,39.6,79,23.8,79,1010.8
2024-03-17,27.3,29.6,25.3,2.10,2.10,16.0,23.19,19.2,38.9,83,24.2,78,1011.6
2024-03-18,27.4,30.2,25.0,2.80,2.80,15.0,23.68,19.4,40.7,85,24.6,72,1011.0
2024-03-19,28.3,30.3,26.4,2.00,2.00,9.0,24.96,18.1,36.4,77,23.7,50,1010.1
2024-03-20,28.3,30.7,26.2,0.00,0.00,0.0,26.01,14.7,32.4,70,22.2,90,1010.5
2024-03-21,27.2,30.5,24.8,4.40,4.40,14.0,23.27,21.1,43.9,81,23.6,53,1011.6
2024-03-22,26.8,28.9,24.6,3.60,3.60,11.0,21.20,17.1,36.4,81,23.2,38,1011.9
2024-03-23,27.6,30.3,25.0,2.70,2.70,11.0,25.15,19.6,39.2,76,22.9,33,1011.5
2024-03-24,26.8,29.8,23.9,1.80,1.80,9.0,24.33,17.1,36.4,80,22.9,61,1011.2
2024-03-25,27.0,29.2,23.8,0.70,0.70,4.0,22.37,15.6,34.9,80,23.2,85,1010.8
2024-03-26,27.6,29.7,25.4,1.40,1.40,10.0,23.88,14.9,32.8,80,23.7,89,1011.6
2024-03-27,26.3,28.4,24.6,9.80,9.80,19.0,16.61,12.1,31.3,88,24.1,98,1013.0
2024-03-28,27.2,30.0,24.6,2.70,2.70,12.0,23.75,21.4,43.6,84,24.2,60,1013.0
2024-03-29,27.6,30.2,25.3,8.10,8.10,18.0,18.52,24.9,49.7,81,24.0,97,1012.4
2024-03-30,26.5,30.1,24.4,20.30,20.30,18.0,13.55,15.9,32.0,87,24.1,100,1011.6
2024-03-31,26.9,30.3,24.6,2.20,2.20,8.0,24.13,12.5,29.2,84,23.9,64,1011.6
2024-04-01,26.9,30.1,23.8,1.50,1.50,3.0,22.16,17.0,36.0,84,23.9,65,1011.6
2024-04-02,27.4,30.9,24.6,0.50,0.50,3.0,22.04,15.7,33.5,82,23.9,63,1011.5
2024-04-03,27.5,29.8,25.1,1.80,1.80,7.0,24.04,14.4,31.3,84,24.5,45,1011.5
2024-04-04,25.9,28.3,24.2,11.20,11.20,14.0,19.12,15.4,32.4,90,24.1,81,1012.5
2024-04-05,26.8,29.9,23.3,0.60,0.60,4.0,23.99,16.7,33.1,81,23.2,42,1011.8
2024-04-06,27.1,29.9,24.0,1.20,1.20,8.0,23.85,17.6,35.6,81,23.3,31,1011.5
2024-04-07,27.4,30.3,24.4,1.10,1.10,8.0,23.88,17.8,35.6,80,23.5,69,1011.8
2024-04-08,27.3,30.4,24.6,1.80,1.80,11.0,24.38,14.1,30.6,80,23.5,99,1011.8
2024-04-09,26.3,29.2,24.8,25.10,25.10,20.0,15.47,17.0,37.1,87,23.9,91,1011.7
2024-04-10,26.1,27.8,24.4,3.00,3.00,13.0,11.43,6.3,18.4,89,24.2,100,1010.9
2024-04-11,27.1,29.5,24.7,0.70,0.70,5.0,22.23,13.2,28.4,83,23.9,79,1011.4
2024-04-12,27.0,29.2,24.6,1.20,1.20,11.0,22.40,15.3,32.4,84,24.1,22,1011.8
2024-04-13,26.9,29.3,24.4,2.50,2.50,14.0,23.10,19.0,37.8,84,23.9,34,1011.4
2024-04-14,26.9,29.3,24.8,2.80,2.80,16.0,21.29,16.9,35.6,84,24.0,65,1010.8
2024-04-15,26.3,29.3,23.5,10.90,10.90,20.0,20.07,17.7,37.4,87,23.9,84,1011.4
2024-04-16,26.3,28.5,24.8,9.50,9.50,17.0,16.19,12.7,34.2,88,24.2,98,1012.2
2024-04-17,27.3,29.8,24.5,0.30,0.30,3.0,22.14,15.9,32.4,82,23.8,82,1010.8
2024-04-18,27.2,29.5,24.8,0.90,0.90,9.0,22.83,13.0,29.2,83,24.0,45,1010.5
2024-04-19,27.0,29.7,24.6,1.30,1.30,7.0,22.47,15.8,33.1,85,24.1,99,1011.8
2024-04-20,26.2,28.4,24.4,2.00,2.00,8.0,16.19,17.9,34.6,85,23.5,98,1012.9
2024-04-21,26.6,29.6,24.5,5.10,5.10,9.0,20.08,17.4,35.3,82,23.2,58,1011.7
2024-04-22,26.9,29.4,24.7,3.60,3.60,13.0,21.74,16.1,33.1,84,24.0,56,1011.5
2024-04-23,26.9,30.0,24.4,1.20,1.20,9.0,22.18,14.1,28.8,84,24.0,51,1012.3
2024-04-24,27.3,30.0,24.6,1.20,1.20,12.0,22.59,15.1,32.4,80,23.5,25,1012.3
2024-04-25,28.1,30.5,26.1,0.10,0.10,1.0,23.35,13.7,29.5,73,22.8,62,1011.8
2024-04-26,27.3,30.1,25.0,6.30,6.30,13.0,19.27,18.4,40.3,79,23.3,78,1011.2
2024-04-27,27.3,30.2,24.2,4.60,4.60,16.0,20.82,18.7,38.5,80,23.4,78,1010.8
2024-04-28,25.6,27.7,24.1,18.60,18.60,22.0,14.86,17.4,37.8,88,23.5,99,1011.4
2024-04-29,26.3,28.8,23.5,3.80,3.80,15.0,15.35,18.4,37.8,81,22.6,97,1012.3
2024-04-30,27.7,29.7,25.8,0.60,0.60,4.0,20.99,15.8,31.7,73,22.4,90,1012.3
2024-05-01,27.1,29.8,24.4,0.40,0.40,4.0,21.77,19.5,39.6,78,22.9,42,1011.6
2024-05-02,26.9,29.2,24.3,0.70,0.70,5.0,21.83,17.2,36.4,81,23.2,40,1010.5
2024-05-03,27.6,30.0,25.3,1.90,1.90,11.0,20.98,18.9,38.5,76,22.9,62,1010.8
2024-05-04,27.0,29.7,24.2,4.20,4.20,17.0,20.27,21.3,42.5,78,22.7,96,1012.3
2024-05-05,27.1,29.2,24.1,1.90,1.90,12.0,20.71,22.5,44.6,77,22.7,46,1012.5
2024-05-06,26.3,28.5,25.0,10.90,10.90,24.0,16.12,22.9,44.6,86,23.7,87,1010.8
2024-05-07,25.7,27.0,24.6,13.30,13.30,20.0,12.40,15.6,31.7,89,23.8,91,1010.8
2024-05-08,25.9,28.4,24.3,7.20,7.20,22.0,15.98,18.1,35.3,88,23.6,76,1011.8
2024-05-09,26.0,28.2,24.0,6.10,6.10,19.0,16.00,19.1,39.2,85,23.3,59,1012.5
2024-05-10,26.5,29.5,23.7,1.00,1.00,7.0,21.16,15.6,32.4,81,22.8,37,1011.8
2024-05-11,26.2,29.6,23.3,0.00,0.00,0.0,22.49,14.7,29.9,83,22.9,66,1012.1
2024-05-12,26.4,29.5,23.2,0.00,0.00,0.0,22.21,12.3,27.0,78,22.1,14,1012.6
2024-05-13,26.0,28.6,23.4,1.30,1.30,7.0,19.58,14.5,29.5,84,23.0,42,1013.1
2024-05-14,26.2,29.0,23.5,1.10,1.10,8.0,20.58,16.5,34.6,86,23.6,38,1012.6
2024-05-15,26.0,28.2,24.2,2.30,2.30,14.0,19.16,16.9,36.4,87,23.5,36,1013.0
2024-05-16,26.4,29.1,23.6,0.50,0.50,2.0,21.39,19.0,38.5,81,22.6,40,1013.4
2024-05-17,25.0,26.5,24.0,22.10,22.10,23.0,10.93,16.1,34.9,88,22.9,77,1014.3
2024-05-18,25.7,28.5,23.7,4.70,4.70,16.0,18.27,14.8,31.7,88,23.4,59,1014.0
2024-05-19,25.0,27.1,23.2,9.40,9.40,18.0,11.12,10.1,24.1,91,23.3,72,1014.3
2024-05-20,25.4,28.5,22.7,1.20,1.20,8.0,20.47,17.6,36.0,85,22.6,28,1014.5
2024-05-21,26.0,28.0,23.7,6.70,6.70,17.0,18.32,18.4,36.4,82,22.7,45,1015.2
2024-05-22,26.1,28.5,24.4,6.50,6.50,14.0,19.00,21.4,42.5,80,22.4,49,1015.3
2024-05-23,25.8,27.7,23.8,6.00,6.00,17.0,10.83,24.0,47.2,81,22.1,93,1014.5
2024-05-24,25.9,27.1,23.9,3.00,3.00,18.0,10.83,19.2,36.7,79,21.9,79,1013.9
2024-05-25,27.3,29.5,25.6,0.10,0.10,1.0,20.57,18.1,36.4,70,21.2,54,1014.0
2024-05-26,26.1,27.8,24.6,1.20,1.20,7.0,16.81,21.0,40.7,77,21.8,65,1014.7
2024-05-27,25.4,28.0,23.3,3.50,3.50,15.0,17.71,21.6,42.5,82,22.0,62,1014.7
2024-05-28,25.5,27.2,24.1,11.90,11.90,18.0,10.02,18.2,38.5,86,22.9,94,1015.2
2024-05-29,25.0,27.1,22.9,3.30,3.30,16.0,16.02,15.1,32.4,87,22.7,56,1015.5
2024-05-30,24.5,26.5,23.4,5.70,5.70,14.0,10.34,13.7,29.9,89,22.5,69,1015.6
2024-05-31,25.3,27.9,23.5,0.60,0.60,6.0,15.72,20.4,40.7,81,21.8,62,1015.9
2024-06-01,25.5,28.4,22.7,2.40,2.40,11.0,19.50,18.0,36.7,83,22.3,35,1016.1
2024-06-02,25.6,28.0,22.8,7.30,7.30,21.0,17.40,20.9,42.8,83,22.4,66,1016.1
2024-06-03,25.3,27.4,23.2,6.80,6.80,23.0,13.96,16.9,37.4,85,22.5,87,1016.2
2024-06-04,25.2,27.4,23.0,6.00,6.00,17.0,18.49,16.9,33.1,87,22.9,73,1015.1
2024-06-05,25.4,27.6,23.0,4.10,4.10,17.0,14.58,18.4,39.2,84,22.5,68,1015.0
2024-06-06,25.8,28.6,23.3,5.00,5.00,14.0,18.33,20.6,41.4,80,22.0,71,1015.5
2024-06-07,25.6,28.8,23.9,7.50,7.50,18.0,15.81,16.1,30.2,85,22.8,100,1016.2
2024-06-08,25.8,28.9,23.5,3.70,3.70,17.0,17.93,19.3,38.5,84,22.7,59,1016.5
2024-06-09,25.6,28.3,23.4,5.40,5.40,16.0,16.76,23.3,45.4,82,22.2,46,1015.8
2024-06-10,26.4,28.3,25.1,0.60,0.60,3.0,19.68,27.4,53.3,70,20.6,52,1015.3
2024-06-11,25.2,27.6,23.5,3.90,3.90,20.0,17.20,19.4,41.8,83,22.1,64,1015.7
2024-06-12,25.7,28.3,23.2,2.70,2.70,13.0,18.64,23.6,45.7,80,21.9,49,1015.7
2024-06-13,25.6,28.1,24.2,7.10,7.10,17.0,15.78,21.4,40.3,83,22.5,71,1015.3
2024-06-14,24.8,26.2,23.6,20.20,20.20,19.0,12.21,20.9,45.0,85,22.2,87,1016.4
2024-06-15,24.2,25.9,23.2,42.30,42.30,24.0,9.41,25.2,55.4,90,22.5,93,1015.8
2024-06-16,25.4,27.3,23.3,4.40,4.40,17.0,16.84,25.7,50.8,76,20.9,71,1014.7
2024-06-17,25.3,28.0,23.0,2.10,2.10,9.0,19.10,18.9,38.2,74,20.3,30,1013.8
2024-06-18,25.0,27.8,22.5,1.10,1.10,8.0,18.53,18.2,37.1,77,20.5,41,1014.2
2024-06-19,25.2,27.6,23.1,4.00,4.00,13.0,14.52,18.1,37.4,80,21.5,72,1014.9
2024-06-20,24.3,26.5,22.5,5.00,5.00,23.0,14.73,19.9,41.8,85,21.6,79,1014.6
2024-06-21,24.0,25.5,22.4,13.30,13.30,22.0,9.06,17.4,37.8,89,22.1,94,1014.7
2024-06-22,24.6,26.8,23.2,8.50,8.50,24.0,15.60,20.9,41.4,87,22.3,89,1014.9
2024-06-23,25.0,27.1,23.2,9.90,9.90,18.0,14.51,17.6,40.3,82,21.6,80,1015.0
2024-06-24,24.4,26.9,22.4,4.00,4.00,14.0,18.02,16.6,34.2,85,21.7,58,1015.3
2024-06-25,24.2,26.6,22.4,12.70,12.70,23.0,15.21,17.7,35.6,86,21.8,65,1015.9
2024-06-26,24.9,27.2,23.2,2.50,2.50,9.0,19.02,19.5,38.5,81,21.3,33,1015.3
2024-06-27,24.4,27.3,21.7,0.70,0.70,5.0,19.76,17.9,36.4,83,21.2,22,1014.8
2024-06-28,24.3,27.6,21.4,0.10,0.10,1.0,20.01,14.6,30.6,81,20.6,18,1014.4
2024-06-29,24.3,28.1,20.9,0.00,0.00,0.0,21.28,18.0,36.4,78,20.1,26,1015.1
2024-06-30,23.8,26.3,21.1,0.70,0.70,6.0,18.96,15.4,32.8,84,21.0,41,1015.1
2024-07-01,24.4,27.3,21.2,0.50,0.50,4.0,19.35,19.8,38.2,79,20.4,22,1016.4
2024-07-02,23.9,25.9,22.2,7.50,7.50,21.0,12.89,20.3,41.0,85,21.2,75,1016.8
2024-07-03,24.2,27.2,21.9,7.40,7.40,18.0,16.65,21.2,44.6,83,21.1,61,1015.2
2024-07-04,24.6,27.0,22.6,2.50,2.50,11.0,19.60,19.4,40.0,79,20.5,35,1014.5
2024-07-05,23.8,25.3,22.4,13.80,13.80,21.0,9.74,14.6,31.0,88,21.7,89,1015.9
2024-07-06,24.1,25.9,23.2,35.90,35.90,24.0,10.30,18.1,38.5,91,22.5,94,1016.7
2024-07-07,23.9,26.1,22.4,6.00,6.00,23.0,16.03,19.6,41.4,89,21.8,74,1016.0
2024-07-08,23.8,26.1,21.1,2.80,2.80,14.0,18.35,15.6,33.1,87,21.5,64,1015.3
2024-07-09,23.8,25.7,22.4,6.10,6.10,20.0,12.97,15.2,31.7,90,22.0,89,1015.1
2024-07-10,25.1,27.7,22.9,5.10,5.10,17.0,17.86,22.1,42.8,80,21.2,63,1015.2
2024-07-11,24.1,24.9,23.3,9.40,9.40,18.0,7.64,18.7,40.0,82,20.6,78,1016.8
2024-07-12,24.5,26.9,22.5,12.90,12.90,22.0,16.56,26.0,50.8,81,21.0,97,1017.5
2024-07-13,24.1,26.8,21.9,4.40,4.40,14.0,16.20,26.4,50.0,77,19.8,86,1017.8
2024-07-14,24.9,27.1,23.3,3.40,3.40,15.0,19.11,27.4,53.3,76,20.4,85,1017.7
2024-07-15,24.7,26.6,23.3,4.10,4.10,15.0,20.83,27.5,51.8,77,20.3,63,1018.6
2024-07-16,25.0,27.5,23.3,0.80,0.80,6.0,20.14,22.4,44.3,73,19.9,41,1018.8
2024-07-17,24.8,26.9,23.2,2.50,2.50,10.0,17.46,24.2,47.9,76,20.3,40,1018.6
2024-07-18,24.3,26.5,21.9,1.70,1.70,10.0,19.05,21.9,43.6,79,20.4,59,1018.1
2024-07-19,24.6,27.0,21.9,0.50,0.50,3.0,19.75,21.6,42.8,74,19.6,31,1018.7
2024-07-20,22.5,24.0,21.3,9.90,9.90,21.0,11.32,21.0,44.3,86,20.1,80,1018.5
2024-07-21,23.3,26.6,19.9,3.70,3.70,13.0,20.13,24.0,47.2,81,19.7,45,1018.0
2024-07-22,24.1,27.1,21.6,6.50,6.50,14.0,19.83,25.3,47.9,77,19.7,50,1018.5
2024-07-23,24.7,26.9,22.8,0.00,0.00,0.0,20.96,23.2,44.6,69,18.6,26,1019.1
2024-07-24,24.2,27.0,22.3,2.80,2.80,10.0,16.98,23.6,45.4,74,19.2,53,1019.4
2024-07-25,23.8,25.8,21.5,3.40,3.40,15.0,18.53,21.2,41.8,81,20.2,37,1018.8
2024-07-26,25.2,27.4,23.3,0.10,0.10,1.0,20.76,23.7,46.8,68,18.8,63,1017.4
2024-07-27,25.0,27.6,23.6,2.30,2.30,12.0,19.87,24.3,46.8,76,20.4,73,1017.8
2024-07-28,25.1,27.5,23.2,3.00,3.00,11.0,21.07,19.8,38.9,79,21.2,57,1018.7
2024-07-29,24.5,26.5,23.1,6.30,6.30,24.0,16.06,19.5,37.1,84,21.7,85,1018.3
2024-07-30,24.6,27.0,22.2,1.90,1.90,8.0,20.56,23.2,45.7,82,21.3,26,1017.7
2024-07-31,24.2,27.6,21.8,2.10,2.10,11.0,20.52,24.3,47.9,81,20.7,31,1017.9
2024-08-01,24.2,26.8,22.5,3.30,3.30,13.0,19.96,27.2,52.2,77,19.7,37,1017.8
2024-08-02,24.4,26.0,23.4,3.10,3.10,13.0,18.38,26.1,51.5,76,19.8,57,1017.1
2024-08-03,24.0,26.3,21.8,5.80,5.80,21.0,19.98,24.0,47.2,79,20.1,51,1017.1
2024-08-04,23.8,26.3,21.9,7.40,7.40,21.0,18.73,23.4,46.8,82,20.5,64,1017.5
2024-08-05,24.7,26.8,22.9,1.50,1.50,9.0,21.96,23.0,44.6,72,19.2,33,1017.9
2024-08-06,23.8,26.4,20.9,1.50,1.50,8.0,20.86,19.9,40.3,77,19.6,30,1016.8
2024-08-07,24.1,26.3,21.4,0.70,0.70,6.0,19.27,24.1,48.6,75,19.4,36,1015.3
2024-08-08,24.0,25.6,21.8,2.60,2.60,12.0,19.16,18.7,38.9,79,20.1,40,1015.3
2024-08-09,24.0,26.5,20.5,1.10,1.10,6.0,20.07,19.4,40.3,76,19.3,45,1016.3
2024-08-10,23.2,26.9,19.5,0.00,0.00,0.0,23.25,11.7,27.0,76,18.5,30,1016.0
2024-08-11,24.1,27.8,19.7,0.20,0.20,2.0,21.51,14.7,31.0,82,20.9,41,1015.7
2024-08-12,25.3,27.6,23.6,0.20,0.20,2.0,21.45,14.3,31.0,78,21.2,33,1017.2
2024-08-13,25.5,27.8,22.7,0.20,0.20,2.0,22.31,18.0,31.7,76,20.9,34,1017.1
2024-08-14,25.3,27.5,23.7,1.10,1.10,6.0,21.45,24.9,50.4,72,19.8,29,1018.7
2024-08-15,24.8,26.5,23.8,1.10,1.10,6.0,21.27,23.9,46.1,73,19.6,51,1018.6
2024-08-16,24.8,26.5,23.3,1.90,1.90,6.0,21.55,24.8,47.2,69,18.7,49,1017.7
2024-08-17,24.4,26.6,22.9,1.60,1.60,12.0,20.88,21.9,44.3,69,18.3,71,1016.7
2024-08-18,23.6,26.1,20.7,4.70,4.70,21.0,19.71,21.0,42.1,81,20.0,72,1017.3
2024-08-19,23.7,26.2,21.2,4.00,4.00,19.0,17.47,20.6,41.0,82,20.4,61,1017.9
2024-08-20,24.2,26.7,21.6,3.20,3.20,16.0,19.47,17.3,35.3,80,20.4,51,1018.3
2024-08-21,24.4,27.3,22.0,3.20,3.20,17.0,21.40,20.9,41.0,83,21.2,41,1017.3
2024-08-22,25.0,26.9,23.1,2.90,2.90,14.0,22.20,24.7,48.6,77,20.6,36,1016.7
2024-08-23,24.6,26.5,23.3,4.20,4.20,18.0,21.69,25.8,49.3,77,20.3,34,1016.5
2024-08-24,24.4,26.6,22.4,1.70,1.70,8.0,20.88,20.1,41.4,76,19.8,43,1017.3
2024-08-25,24.5,26.4,22.6,2.10,2.10,5.0,20.90,21.6,42.8,72,19.0,20,1017.6
2024-08-26,24.6,27.5,22.7,0.60,0.60,4.0,20.55,20.7,42.5,74,19.7,56,1016.8
2024-08-27,23.5,25.9,21.2,3.00,3.00,20.0,18.88,20.6,40.7,84,20.5,81,1018.1
2024-08-28,23.6,26.1,21.0,5.50,5.50,22.0,18.58,23.4,46.4,81,20.0,91,1018.8
2024-08-29,24.1,27.0,22.1,2.70,2.70,13.0,22.46,26.0,50.0,76,19.5,65,1019.0
2024-08-30,24.3,26.9,22.0,1.70,1.70,11.0,21.30,25.0,48.6,74,19.4,46,1017.5
2024-08-31,23.8,26.9,21.7,4.50,4.50,16.0,21.90,22.8,44.3,77,19.4,44,1017.0
2024-09-01,23.8,26.6,21.7,2.20,2.20,11.0,21.10,22.4,44.6,77,19.4,44,1017.0
2024-09-02,24.2,27.1,21.5,1.30,1.30,6.0,22.65,23.2,47.2,74,19.0,48,1016.0
2024-09-03,24.0,26.4,21.0,1.30,1.30,5.0,20.56,22.9,46.4,73,18.9,68,1015.9
2024-09-04,25.1,27.8,23.3,0.60,0.60,2.0,21.28,17.8,36.7,65,18.0,78,1016.8
2024-09-05,25.1,27.4,23.5,0.00,0.00,0.0,21.49,20.9,40.7,66,18.1,42,1016.8
2024-09-06,24.3,27.1,22.4,1.30,1.30,9.0,20.69,19.4,39.2,77,20.0,59,1016.2
2024-09-07,24.5,27.2,22.5,4.10,4.10,17.0,23.45,24.8,47.9,80,20.6,41,1016.6
2024-09-08,23.0,24.9,21.3,8.30,8.30,23.0,14.26,17.0,38.5,87,20.6,82,1017.6
2024-09-09,24.5,26.9,22.3,2.00,2.00,13.0,22.80,22.4,44.6,75,19.7,31,1017.4
2024-09-10,24.6,26.7,21.9,2.20,2.20,8.0,23.36,23.6,47.2,72,19.2,39,1016.7
2024-09-11,23.9,24.9,22.0,4.60,4.60,17.0,14.67,20.7,40.7,78,19.8,71,1016.7
2024-09-12,24.4,26.2,21.6,4.60,4.60,14.0,21.91,21.3,43.6,74,19.5,55,1017.1
2024-09-13,24.1,26.7,21.3,3.10,3.10,13.0,22.81,18.5,38.5,78,20.0,41,1017.1
2024-09-14,24.2,26.9,21.9,5.20,5.20,14.0,21.70,22.9,46.1,78,20.0,63,1016.8
2024-09-15,24.1,26.8,22.3,8.40,8.40,22.0,22.18,22.7,45.0,81,20.6,45,1017.5
2024-09-16,24.8,27.5,22.8,1.40,1.40,5.0,24.70,19.7,39.6,75,19.8,28,1017.4
2024-09-17,24.1,26.7,21.6,2.30,2.30,9.0,21.68,17.9,37.8,81,20.5,43,1017.1
2024-09-18,24.9,26.9,23.5,1.60,1.60,7.0,22.37,21.6,43.2,74,19.9,33,1016.7
2024-09-19,24.7,27.1,22.5,3.00,3.00,9.0,23.39,21.7,44.6,75,19.9,35,1016.2
2024-09-20,24.7,26.8,23.3,1.10,1.10,6.0,22.59,23.0,46.1,75,19.9,30,1015.1
2024-09-21,25.0,27.7,22.9,0.00,0.00,0.0,23.44,22.6,45.0,71,19.3,41,1014.5
2024-09-22,24.7,27.0,22.4,2.90,2.90,9.0,21.51,23.4,47.2,78,20.5,47,1014.8
2024-09-23,24.9,27.4,22.9,0.80,0.80,5.0,23.23,21.1,42.1,77,20.6,52,1014.9
2024-09-24,25.1,27.7,23.5,0.70,0.70,2.0,23.39,19.6,40.3,74,19.9,63,1015.3
2024-09-25,24.6,26.6,23.3,1.90,1.90,13.0,21.56,21.0,43.2,75,19.9,82,1015.2
2024-09-26,24.9,27.4,22.9,1.10,1.10,7.0,22.36,18.2,37.1,73,19.6,83,1015.3
2024-09-27,24.7,27.5,22.2,2.70,2.70,10.0,23.50,16.5,34.2,78,20.5,35,1015.2
2024-09-28,25.2,27.3,23.5,2.80,2.80,16.0,19.92,18.5,38.5,81,21.6,70,1015.2
2024-09-29,25.3,27.1,24.0,3.80,3.80,12.0,22.05,21.8,43.2,78,21.2,85,1015.1
2024-09-30,24.8,27.2,22.2,2.60,2.60,9.0,20.79,22.5,46.1,73,19.6,68,1015.1
2024-10-01,24.2,26.9,21.0,0.80,0.80,7.0,23.50,18.6,39.2,76,19.5,60,1014.2
2024-10-02,24.5,27.2,21.9,5.00,5.00,14.0,22.24,18.1,37.8,80,20.8,56,1014.1
2024-10-03,25.2,27.0,23.4,3.30,3.30,18.0,22.04,20.5,42.1,79,21.1,79,1015.0
2024-10-04,25.4,27.5,23.5,0.60,0.60,3.0,22.76,15.6,32.4,73,20.0,80,1015.0
2024-10-05,25.3,27.8,23.6,0.60,0.60,5.0,22.14,15.8,32.8,73,20.0,56,1014.7
2024-10-06,24.5,27.6,20.6,0.00,0.00,0.0,26.07,14.5,33.5,74,19.4,11,1014.8
2024-10-07,24.9,28.0,21.8,0.50,0.50,4.0,23.72,14.5,33.1,76,20.2,44,1014.4
2024-10-08,25.7,28.1,23.3,0.30,0.30,3.0,24.90,14.7,33.1,72,20.2,16,1014.9
2024-10-09,26.0,28.7,22.6,0.00,0.00,0.0,24.67,14.6,32.8,71,20.3,40,1014.4
2024-10-10,25.8,28.2,23.8,0.80,0.80,7.0,23.36,15.5,34.6,77,21.5,82,1013.9
2024-10-11,25.8,28.3,23.6,0.60,0.60,5.0,24.08,17.3,37.4,72,20.2,92,1015.1
2024-10-12,26.3,28.9,24.2,0.70,0.70,5.0,22.54,17.0,35.3,70,20.3,54,1016.7
2024-10-13,26.2,28.5,24.2,1.80,1.80,10.0,23.55,20.9,42.8,75,21.2,30,1017.9
2024-10-14,25.7,28.1,24.0,2.20,2.20,9.0,25.10,20.0,42.5,75,20.9,60,1017.1
2024-10-15,25.3,28.4,22.8,2.10,2.10,15.0,23.80,16.2,36.0,77,20.8,86,1015.3
2024-10-16,25.7,28.6,23.0,3.30,3.30,15.0,23.39,18.0,38.5,77,21.2,66,1014.4
2024-10-17,26.3,28.8,23.9,0.40,0.40,4.0,23.96,15.6,35.3,71,20.5,46,1014.4
2024-10-18,26.2,28.5,24.4,0.50,0.50,5.0,24.41,15.8,35.3,74,21.1,46,1013.9
2024-10-19,26.3,28.5,24.6,0.40,0.40,2.0,24.72,19.1,39.2,70,20.4,37,1012.6
2024-10-20,26.4,28.9,23.9,1.10,1.10,4.0,23.86,19.5,39.6,70,20.4,59,1012.8
2024-10-21,26.0,29.3,23.9,2.20,2.20,7.0,24.90,19.7,41.4,73,20.5,65,1014.7
2024-10-22,25.8,28.8,23.4,1.30,1.30,6.0,25.28,18.7,38.5,72,20.2,46,1015.5
2024-10-23,25.2,27.8,23.0,1.30,1.30,9.0,22.13,16.7,36.7,76,20.6,52,1014.2
2024-10-24,25.9,28.2,24.3,1.30,1.30,6.0,21.15,18.9,40.0,70,19.8,41,1013.8
2024-10-25,26.1,28.8,23.8,0.50,0.50,4.0,25.25,18.4,39.2,69,19.8,34,1014.6
2024-10-26,26.1,28.7,24.4,1.40,1.40,5.0,22.82,18.3,39.6,72,20.7,32,1014.8
2024-10-27,26.6,29.3,24.5,1.80,1.80,11.0,25.03,18.8,40.7,77,22.1,42,1014.9
2024-10-28,26.0,29.0,24.0,2.00,2.00,11.0,25.36,20.8,43.6,76,21.3,27,1014.4
2024-10-29,25.8,28.7,23.2,1.50,1.50,13.0,26.38,20.2,42.8,72,20.3,71,1013.6
2024-10-30,25.9,28.6,23.9,1.00,1.00,4.0,23.58,19.2,40.0,68,19.5,36,1013.2
2024-10-31,26.4,28.7,24.6,0.60,0.60,3.0,23.76,21.0,44.6,73,21.0,47,1013.1
2024-11-01,26.3,29.1,24.1,0.90,0.90,6.0,24.52,18.6,39.2,73,21.0,65,1013.4
2024-11-02,26.2,28.7,24.4,0.80,0.80,7.0,24.24,19.6,41.8,70,20.3,48,1013.6
2024-11-03,26.2,28.6,24.4,0.10,0.10,1.0,25.54,20.3,42.5,68,19.6,34,1013.3
2024-11-04,26.4,28.2,24.5,0.20,0.20,2.0,24.48,19.0,40.0,61,18.2,44,1013.7
2024-11-05,25.9,28.7,23.1,1.80,1.80,7.0,24.63,18.3,39.6,73,20.6,83,1013.7
2024-11-06,25.8,27.7,23.8,2.90,2.90,9.0,23.36,22.8,47.2,74,20.7,54,1013.4
2024-11-07,25.9,28.3,24.6,2.40,2.40,5.0,23.09,19.5,41.4,73,20.7,58,1013.1
2024-11-08,26.0,28.4,23.8,2.70,2.70,22.0,22.45,18.0,38.9,78,21.9,89,1013.2
2024-11-09,25.8,28.3,23.5,3.40,3.40,16.0,23.42,22.7,46.1,80,21.9,77,1012.8
2024-11-10,26.2,29.3,23.8,1.10,1.10,9.0,24.65,18.8,40.7,76,21.3,66,1011.7
2024-11-11,26.2,28.5,24.4,0.90,0.90,5.0,23.85,17.9,38.2,74,21.0,84,1011.8
2024-11-12,26.2,28.6,24.0,1.70,1.70,10.0,24.89,16.8,42.5,75,21.4,51,1012.1
2024-11-13,26.6,29.2,24.4,1.20,1.20,8.0,25.87,17.5,42.8,71,20.7,33,1012.0
2024-11-14,26.3,28.9,24.2,1.80,1.80,9.0,24.71,18.6,45.0,72,20.7,39,1012.1
2024-11-15,26.4,29.0,24.0,1.10,1.10,5.0,26.02,17.9,41.8,68,20.0,24,1013.1
2024-11-16,26.1,28.5,23.9,2.70,2.70,12.0,25.32,19.1,44.3,73,20.7,29,1013.0
2024-11-17,26.1,28.8,23.6,2.90,2.90,12.0,26.04,19.7,47.2,75,21.2,34,1012.6
2024-11-18,26.2,28.7,24.5,2.80,2.80,7.0,25.57,20.9,47.2,72,20.6,40,1012.5
2024-11-19,26.6,29.1,24.5,0.80,0.80,8.0,24.83,18.0,44.3,71,20.8,33,1013.0
2024-11-20,26.6,29.4,24.9,1.00,1.00,6.0,24.97,15.2,37.1,75,21.6,35,1013.6
2024-11-21,26.5,28.9,24.6,1.00,1.00,7.0,23.39,18.3,43.9,75,21.7,69,1012.9
2024-11-22,26.9,29.9,24.2,0.30,0.30,3.0,24.65,17.3,43.2,76,22.0,56,1012.2
2024-11-23,27.1,30.0,24.7,0.00,0.00,0.0,23.87,21.7,49.3,73,21.7,61,1011.3
2024-11-24,27.5,30.2,24.7,0.40,0.40,4.0,22.63,18.5,44.3,70,21.4,65,1012.7
2024-11-25,27.7,29.9,26.0,0.60,0.60,3.0,25.42,17.8,45.0,68,21.2,73,1014.3
2024-11-26,27.1,29.4,25.3,0.80,0.80,7.0,24.81,13.6,37.1,69,20.8,97,1014.5
2024-11-27,27.0,29.6,25.0,0.20,0.20,2.0,25.49,15.8,41.0,68,20.5,55,1013.5
2024-11-28,26.9,30.2,25.2,1.50,1.50,8.0,24.49,19.1,46.8,69,20.6,39,1012.8
2024-11-29,27.2,30.0,25.3,0.30,0.30,3.0,25.80,16.8,42.1,68,20.5,82,1013.7
2024-11-30,27.2,30.0,25.1,0.30,0.30,3.0,26.43,13.8,37.1,62,19.0,40,1013.2
2024-12-01,26.7,29.5,23.4,1.40,1.40,9.0,24.07,17.8,44.6,73,21.3,46,1012.7
2024-12-02,25.7,27.5,24.0,3.00,3.00,16.0,21.79,17.4,41.4,82,22.3,50,1012.4
2024-12-03,26.0,28.5,23.4,6.30,6.30,20.0,22.53,16.6,39.2,79,22.0,51,1012.3
2024-12-04,26.0,28.6,23.3,1.50,1.50,8.0,24.39,17.1,40.0,78,21.6,37,1012.5
2024-12-05,26.2,28.8,23.9,2.60,2.60,12.0,25.05,14.8,35.3,74,21.0,68,1012.8
2024-12-06,26.0,28.1,23.3,4.40,4.40,14.0,21.14,20.3,47.9,76,21.4,94,1012.8
2024-12-07,26.0,27.8,23.8,3.60,3.60,13.0,22.86,18.0,42.1,78,21.8,57,1012.6
2024-12-08,26.2,28.6,23.9,2.30,2.30,15.0,23.88,21.3,48.2,78,21.9,37,1013.5
2024-12-09,26.6,28.8,24.5,0.40,0.40,2.0,25.08,18.6,43.6,69,20.4,21,1012.9
2024-12-10,26.8,29.5,25.0,1.10,1.10,2.0,25.57,18.6,43.6,68,20.2,27,1012.5
2024-12-11,27.2,29.7,25.4,1.10,1.10,8.0,24.87,17.3,42.8,72,21.7,32,1011.8
2024-12-12,27.2,29.6,25.2,2.80,2.80,11.0,25.53,17.4,41.0,76,22.5,29,1011.8
2024-12-13,27.0,29.8,25.2,0.90,0.90,4.0,25.12,17.6,42.5,72,21.4,48,1011.2
2024-12-14,26.7,28.8,25.1,3.00,3.00,14.0,24.04,19.6,46.4,74,21.7,63,1011.0
2024-12-15,26.3,28.2,24.1,3.70,3.70,14.0,23.43,14.7,36.0,80,22.5,58,1012.8
2024-12-16,26.9,29.2,24.8,4.90,4.90,15.0,25.16,19.3,43.2,79,22.9,39,1013.5
2024-12-17,27.3,29.8,25.4,0.60,0.60,4.0,26.11,16.2,40.3,74,22.2,73,1013.5
2024-12-18,27.1,29.4,24.9,1.20,1.20,10.0,25.50,16.2,40.7,78,22.8,58,1013.3
2024-12-19,26.4,28.3,24.8,5.50,5.50,22.0,21.32,18.8,43.6,81,22.9,56,1013.2
2024-12-20,26.6,29.1,24.5,4.10,4.10,16.0,24.68,18.8,44.3,78,22.3,35,1013.1
2024-12-21,26.6,28.9,24.9,3.90,3.90,17.0,22.78,16.9,41.0,79,22.7,43,1013.2
2024-12-22,26.8,29.2,24.8,1.70,1.70,10.0,25.71,19.0,43.9,77,22.4,40,1013.8
2024-12-23,26.8,28.8,24.8,0.80,0.80,5.0,24.25,16.9,40.3,72,21.2,32,1012.7
2024-12-24,26.8,29.4,25.0,1.40,1.40,8.0,22.57,17.7,43.2,74,21.7,41,1011.9
2024-12-25,26.8,29.5,24.5,1.70,1.70,7.0,25.65,18.2,43.6,71,20.8,37,1012.3
2024-12-26,27.0,29.6,25.4,0.20,0.20,2.0,25.61,18.9,44.6,66,20.1,61,1013.0
2024-12-27,27.0,29.7,23.7,1.50,1.50,7.0,24.93,17.2,42.8,70,20.9,45,1013.2
2024-12-28,26.4,28.7,23.7,4.50,4.50,11.0,22.65,17.7,42.5,79,22.5,47,1012.8
2024-12-29,26.9,28.9,25.4,3.80,3.80,11.0,25.07,20.9,46.4,75,22.1,29,1012.1
2024-12-30,26.9,29.1,25.4,3.00,3.00,16.0,24.79,18.0,43.2,77,22.4,37,1011.6
2024-12-31,27.0,29.4,25.1,2.10,2.10,12.0,24.52,14.9,38.5,77,22.5,68,1012.4
2025-01-01,27.0,29.1,25.2,2.20,2.20,13.0,23.86,19.7,45.7,75,22.1,51,1012.1
2025-01-02,26.7,29.1,23.9,2.80,2.80,15.0,24.83,19.1,45.7,78,22.4,44,1012.2
2025-01-03,26.9,29.2,25.3,2.90,2.90,8.0,24.98,17.6,41.0,78,22.6,46,1011.9
2025-01-04,27.0,29.1,25.1,3.60,3.60,18.0,24.53,16.9,41.4,81,23.4,45,1011.7
2025-01-05,27.1,29.6,24.6,3.80,3.80,17.0,25.46,16.7,41.0,80,23.2,47,1011.4
2025-01-06,26.7,29.2,24.1,5.30,5.30,17.0,24.30,19.5,46.1,80,22.9,78,1011.5
2025-01-07,27.0,29.4,24.9,0.70,0.70,7.0,25.15,17.6,41.8,75,22.0,53,1011.7
2025-01-08,27.3,29.6,25.2,0.00,0.00,0.0,24.64,14.2,36.7,70,21.2,51,1011.7
2025-01-09,27.7,30.4,25.8,1.00,1.00,8.0,24.88,17.2,40.0,73,22.5,63,1010.5
2025-01-10,27.5,30.3,25.2,2.10,2.10,18.0,22.87,19.5,45.4,78,23.1,93,1010.4
2025-01-11,27.4,30.5,24.8,1.60,1.60,7.0,20.59,19.3,43.2,77,23.0,95,1011.0
2025-01-12,26.0,28.5,24.6,11.20,11.20,22.0,11.19,14.8,36.7,85,23.3,100,1011.3
2025-01-13,25.5,27.5,23.7,3.90,3.90,12.0,8.88,11.5,25.9,88,23.3,100,1010.4
2025-01-14,26.0,28.7,23.9,5.70,5.70,20.0,19.98,13.6,34.9,85,23.2,96,1010.1
2025-01-15,27.2,29.6,25.3,0.80,0.80,4.0,26.43,15.8,36.7,75,22.1,72,1011.5
2025-01-16,26.7,28.8,24.5,1.10,1.10,7.0,25.88,14.4,34.9,78,22.4,30,1013.0
2025-01-17,26.5,28.8,24.1,1.30,1.30,10.0,24.71,14.9,37.1,74,21.5,35,1013.5
2025-01-18,27.1,29.5,24.4,0.80,0.80,6.0,19.54,12.7,31.7,72,21.5,82,1013.1
2025-01-19,25.8,28.1,23.6,5.50,5.50,13.0,23.12,13.2,32.0,82,22.4,64,1013.0
2025-01-20,26.6,30.3,23.2,2.50,2.50,7.0,26.84,13.7,35.3,79,22.4,23,1013.2
2025-01-21,27.3,31.0,23.7,1.50,1.50,9.0,26.25,16.2,40.7,76,22.3,31,1013.5
2025-01-22,27.1,29.9,24.7,1.90,1.90,10.0,24.73,17.2,42.1,74,22.0,42,1013.5
2025-01-23,26.8,29.5,23.9,1.40,1.40,9.0,23.21,11.7,30.6,72,21.3,27,1013.1
2025-01-24,27.3,29.9,25.0,1.50,1.50,9.0,27.01,14.7,38.9,71,21.5,21,1012.7
2025-01-25,26.3,28.7,23.8,2.60,2.60,15.0,23.64,13.7,35.6,79,22.2,49,1013.2
2025-01-26,25.5,28.1,23.6,7.80,7.80,19.0,17.31,12.8,35.3,84,22.6,95,1013.7
2025-01-27,25.5,28.4,23.6,6.40,6.40,22.0,21.64,12.8,36.0,87,23.2,80,1013.0
2025-01-28,25.4,27.4,23.0,8.50,8.50,13.0,16.96,10.6,29.2,86,22.9,94,1013.0
2025-01-29,25.3,27.3,23.6,2.00,2.00,15.0,20.66,13.0,33.1,86,22.9,66,1012.8
2025-01-30,26.6,29.2,24.0,3.00,3.00,12.0,24.69,14.1,33.8,79,22.6,30,1012.2
2025-01-31,27.2,29.6,25.0,0.40,0.40,3.0,26.73,14.2,34.6,72,21.5,18,1011.9
2025-02-01,26.5,28.5,24.6,3.30,3.30,13.0,23.97,17.9,41.8,78,22.4,36,1011.3
2025-02-02,27.3,29.5,25.3,0.00,0.00,0.0,26.79,14.1,35.3,76,22.5,18,1010.8
2025-02-03,26.6,29.5,23.9,6.10,6.10,19.0,25.42,20.5,47.5,79,22.4,39,1010.8
2025-02-04,24.7,26.4,22.8,14.00,14.00,24.0,14.30,17.9,42.1,87,22.3,96,1012.2
2025-02-05,24.4,26.1,22.9,36.60,36.60,24.0,13.86,17.1,36.0,91,22.7,97,1012.0
2025-02-06,25.0,27.2,23.5,14.90,14.90,23.0,9.63,14.9,34.6,88,22.9,100,1011.9
2025-02-07,26.6,28.7,25.1,1.10,1.10,7.0,25.34,16.4,37.8,75,21.7,51,1010.5
2025-02-08,26.1,28.6,23.2,1.10,1.10,8.0,26.29,12.8,32.4,79,22.0,37,1011.1
2025-02-09,26.5,29.3,23.2,2.10,2.10,11.0,26.21,16.9,40.0,79,22.5,68,1011.9
2025-02-10,27.2,29.2,25.6,0.70,0.70,7.0,26.32,19.2,44.6,73,21.9,29,1011.4
2025-02-11,26.7,29.1,24.5,3.40,3.40,14.0,25.89,19.1,43.6,77,22.3,35,1011.0
2025-02-12,26.8,29.1,24.8,4.70,4.70,10.0,26.68,17.5,41.0,75,21.9,54,1012.0
2025-02-13,26.8,28.7,24.7,0.70,0.70,6.0,26.31,18.0,43.2,76,22.1,36,1012.6
2025-02-14,26.9,29.0,24.2,1.70,1.70,7.0,25.75,16.9,39.6,75,22.0,28,1012.2
2025-02-15,26.4,28.5,23.8,2.50,2.50,13.0,23.98,19.1,42.8,79,22.5,35,1011.4
2025-02-16,26.2,28.8,23.5,8.40,8.40,14.0,21.80,20.5,47.9,83,22.9,51,1011.9
2025-02-17,26.9,29.4,24.4,3.30,3.30,9.0,25.50,17.7,40.3,76,22.3,61,1012.1
2025-02-18,27.0,29.9,24.2,0.60,0.60,4.0,26.42,16.9,40.3,75,22.2,24,1011.4
2025-02-19,26.6,29.4,23.1,4.50,4.50,12.0,24.01,16.3,38.9,80,22.8,49,1012.5
2025-02-20,27.4,29.6,25.1,1.30,1.30,9.0,25.77,18.4,44.3,75,22.4,51,1013.1
2025-02-21,27.4,29.8,25.4,0.80,0.80,7.0,26.48,15.3,37.4,72,21.9,22,1013.0
2025-02-22,27.0,29.8,24.5,1.90,1.90,16.0,25.78,18.5,44.3,77,22.6,27,1012.7
2025-02-23,26.8,29.8,24.0,2.70,2.70,10.0,25.25,15.1,38.5,76,22.0,35,1012.6
2025-02-24,27.4,30.3,24.8,0.90,0.90,6.0,26.93,17.6,42.5,70,21.3,23,1012.5
2025-02-25,26.8,29.6,23.4,2.40,2.40,14.0,24.85,16.6,39.2,74,21.7,43,1013.7
2025-02-26,27.7,30.4,25.1,1.00,1.00,5.0,25.04,16.0,40.0,71,21.9,28,1013.1
2025-02-27,26.2,29.0,24.2,6.70,6.70,22.0,20.43,18.7,43.2,84,23.1,85,1012.0
2025-02-28,26.2,27.9,24.4,5.50,5.50,23.0,19.93,18.1,42.5,81,22.7,90,1011.8
2025-03-01,26.8,28.9,24.9,4.80,4.80,20.0,23.11,16.4,38.5,74,21.7,67,1012.2
2025-03-02,26.1,28.4,23.8,5.20,5.20,20.0,22.56,17.0,38.9,81,22.6,63,1012.3
2025-03-03,26.0,28.5,23.8,6.20,6.20,23.0,21.10,20.6,45.4,83,22.7,51,1011.9
2025-03-04,27.0,29.6,24.5,4.00,4.00,11.0,26.18,17.8,41.8,74,21.8,71,1011.4
2025-03-05,27.2,29.8,24.7,0.90,0.90,9.0,25.17,20.1,47.5,72,21.6,74,1011.4
2025-03-06,26.5,29.3,24.4,6.30,6.30,18.0,23.94,22.6,51.1,79,22.6,54,1012.6
2025-03-07,25.6,28.7,23.7,8.20,8.20,23.0,22.75,21.4,48.2,86,23.0,96,1013.4
2025-03-08,26.2,28.4,24.2,3.80,3.80,14.0,23.63,18.7,43.2,81,22.7,69,1013.0
2025-03-09,26.5,28.7,24.4,5.00,5.00,22.0,22.73,18.5,43.2,81,22.8,65,1012.6
2025-03-10,26.8,29.2,24.8,2.00,2.00,15.0,24.68,19.0,42.8,79,22.7,65,1012.8
2025-03-11,27.0,29.1,25.3,2.30,2.30,12.0,23.75,20.7,47.5,76,22.2,57,1014.0
2025-03-12,26.5,28.7,24.9,3.10,3.10,14.0,24.70,18.6,43.6,81,23.0,65,1014.0
2025-03-13,26.4,29.1,23.9,2.20,2.20,13.0,25.36,15.9,38.2,80,22.7,32,1012.6
2025-03-14,25.7,27.8,24.1,7.20,7.20,17.0,20.75,11.8,31.7,86,23.1,78,1012.1
2025-03-15,25.9,28.3,23.5,5.10,5.10,17.0,24.47,12.8,33.5,85,23.2,80,1012.4
2025-03-16,25.6,28.4,23.5,6.10,6.10,19.0,20.82,15.8,36.7,87,23.3,63,1013.5
2025-03-17,26.1,28.6,23.4,3.60,3.60,14.0,19.70,16.1,36.7,84,23.0,61,1014.2
2025-03-18,26.8,29.5,23.8,0.50,0.50,5.0,24.33,12.4,31.7,78,22.5,83,1013.1
2025-03-19,27.5,30.0,25.3,0.70,0.70,5.0,24.44,14.3,34.9,74,22.3,27,1012.7
2025-03-20,27.9,30.5,25.3,0.00,0.00,0.0,24.96,14.2,34.9,74,22.8,16,1013.2
2025-03-21,27.7,30.4,25.7,1.30,1.30,8.0,25.24,13.9,34.9,75,22.8,24,1013.8
2025-03-22,27.3,30.2,24.5,0.90,0.90,7.0,25.67,14.9,37.4,75,22.3,16,1013.8
2025-03-23,27.7,30.1,25.2,0.30,0.30,3.0,25.26,13.8,36.0,68,21.1,13,1013.1
2025-03-24,27.4,30.5,24.4,1.10,1.10,6.0,24.62,14.8,38.2,67,20.6,26,1013.0
2025-03-25,27.2,29.7,24.9,1.60,1.60,6.0,24.37,15.9,39.6,72,21.6,29,1013.7
2025-03-26,28.1,31.3,25.5,0.60,0.60,2.0,25.14,14.5,37.8,65,20.9,30,1012.6
2025-03-27,26.4,29.2,24.0,3.90,3.90,14.0,21.33,14.5,36.4,83,23.2,77,1011.9
2025-03-28,26.1,28.5,24.0,3.00,3.00,11.0,20.99,17.1,40.0,83,22.9,87,1011.3
2025-03-29,27.5,30.2,25.1,1.30,1.30,6.0,25.50,13.6,32.8,72,21.8,30,1011.3
2025-03-30,27.1,30.1,24.0,2.40,2.40,13.0,24.10,17.1,42.5,75,22.1,76,1011.5
2025-03-31,28.0,30.6,26.4,1.40,1.40,7.0,22.35,17.9,43.9,69,21.6,65,1011.9
2025-04-01,26.4,28.0,23.9,5.30,5.30,15.0,18.76,20.8,47.9,79,22.4,91,1012.3
2025-04-02,25.3,28.4,22.9,7.50,7.50,20.0,21.20,17.8,41.8,88,23.0,91,1011.9
2025-04-03,26.6,29.8,23.6,0.50,0.50,3.0,24.28,17.5,42.1,78,22.3,31,1011.8
2025-04-04,27.3,29.7,24.8,2.60,2.60,10.0,24.11,18.2,42.8,72,21.7,79,1013.3
2025-04-05,27.8,30.7,25.7,1.50,1.50,8.0,21.29,17.6,42.8,70,21.8,68,1014.4
2025-04-06,26.6,30.0,24.2,6.30,6.30,18.0,21.15,23.3,52.2,80,22.7,82,1012.9
2025-04-07,26.7,29.0,24.6,2.20,2.20,7.0,22.78,17.1,40.7,74,21.6,88,1012.2
2025-04-08,26.4,29.0,24.1,2.00,2.00,12.0,23.12,18.1,41.8,82,22.9,41,1013.4
2025-04-09,27.0,29.2,24.7,1.90,1.90,14.0,22.36,15.1,37.1,80,23.1,47,1013.6
2025-04-10,27.7,30.3,25.5,0.70,0.70,4.0,23.70,12.6,33.5,76,22.9,25,1012.0
2025-04-11,27.4,30.6,24.5,1.60,1.60,10.0,23.65,15.0,36.7,81,23.6,57,1010.6
2025-04-12,27.4,31.1,24.6,3.10,3.10,17.0,18.91,10.5,28.8,80,23.5,100,1011.5
2025-04-13,27.3,30.1,24.7,2.70,2.70,11.0,21.88,14.0,36.4,79,23.3,41,1012.8
2025-04-14,27.4,29.9,24.8,1.40,1.40,12.0,23.50,13.5,36.4,78,23.2,24,1012.9
2025-04-15,27.7,30.7,24.4,2.40,2.40,9.0,24.52,13.2,34.6,76,22.8,32,1012.8
2025-04-16,28.2,31.1,25.1,0.50,0.50,5.0,24.96,12.1,34.2,68,21.4,22,1012.7
2025-04-17,28.0,31.3,25.6,0.40,0.40,3.0,23.10,16.1,39.2,69,21.5,27,1013.2
2025-04-18,28.5,31.4,25.9,0.80,0.80,4.0,24.12,15.9,38.2,63,20.5,80,1012.6
2025-04-19,27.6,30.9,24.9,2.00,2.00,9.0,23.91,21.4,51.1,72,22.0,26,1012.1
2025-04-20,26.7,29.3,24.6,10.80,10.80,21.0,19.73,14.0,35.6,82,23.3,59,1010.6
2025-04-21,26.7,29.4,23.5,1.20,1.20,10.0,21.59,14.4,35.6,84,23.6,70,1009.6
2025-04-22,27.4,29.8,25.1,1.40,1.40,9.0,23.29,14.1,35.6,74,22.3,74,1010.7
2025-04-23,27.2,29.7,25.0,2.20,2.20,9.0,21.80,15.0,36.7,75,22.2,89,1011.9
2025-04-24,26.8,28.8,25.1,5.40,5.40,20.0,18.64,16.9,42.1,78,22.6,70,1011.5
2025-04-25,26.6,29.2,23.8,2.00,2.00,14.0,22.94,13.9,34.2,81,22.9,48,1010.9
2025-04-26,27.1,29.8,24.3,1.30,1.30,5.0,23.15,12.7,32.8,77,22.6,33,1010.7
2025-04-27,28.0,30.3,25.5,0.00,0.00,0.0,22.68,15.1,38.2,68,21.4,48,1011.1
2025-04-28,27.9,30.5,24.6,0.10,0.10,1.0,22.54,14.7,36.7,71,22.1,95,1011.5
2025-04-29,28.2,30.5,26.4,0.50,0.50,4.0,22.01,12.3,33.5,70,22.2,74,1010.7
2025-04-30,27.9,30.7,25.1,0.00,0.00,0.0,23.82,13.1,34.6,68,21.4,17,1011.3
2025-05-01,27.1,28.8,24.8,0.90,0.90,5.0,21.14,14.9,38.2,71,21.4,35,1012.1
2025-05-02,27.4,30.9,24.2,0.30,0.30,2.0,23.25,14.0,33.1,69,20.9,47,1012.8
2025-05-03,27.1,30.3,24.4,0.60,0.60,5.0,22.02,17.6,42.8,75,22.1,56,1012.9
2025-05-04,27.1,29.9,24.0,1.70,1.70,8.0,22.31,12.6,32.0,74,21.7,56,1012.8
2025-05-05,26.7,29.1,24.7,1.60,1.60,10.0,21.78,14.1,34.9,78,22.5,58,1013.2
2025-05-06,26.3,28.8,23.3,2.30,2.30,16.0,21.05,14.6,36.0,81,22.7,30,1013.2
2025-05-07,27.7,30.1,26.1,0.80,0.80,7.0,21.42,14.9,36.4,69,21.5,29,1013.5
2025-05-08,27.7,30.2,25.7,0.90,0.90,5.0,20.86,19.1,45.0,70,21.6,38,1013.5
2025-05-09,27.5,30.1,25.0,1.90,1.90,12.0,18.64,20.9,47.2,74,22.3,87,1013.5
2025-05-10,27.1,29.7,24.8,2.30,2.30,9.0,20.64,18.6,43.9,73,21.9,48,1014.8
2025-05-11,26.6,29.4,23.2,0.20,0.20,1.0,21.33,12.9,32.8,77,22.1,48,1015.2
2025-05-12,27.0,30.2,23.3,0.60,0.60,3.0,21.68,19.4,45.4,72,21.4,33,1014.8
2025-05-13,26.6,29.4,23.3,3.80,3.80,13.0,21.08,19.9,46.8,72,20.9,34,1013.7
2025-05-14,25.4,27.7,23.8,14.20,14.20,24.0,16.29,19.7,46.8,81,21.8,67,1013.1
2025-05-15,24.2,25.6,23.4,58.40,58.40,24.0,5.19,17.2,37.8,93,23.0,100,1013.7
2025-05-16,24.7,26.6,23.2,17.00,17.00,22.0,7.21,17.1,41.8,88,22.5,98,1014.1
2025-05-17,26.5,30.2,23.6,6.60,6.60,12.0,19.90,20.1,45.7,75,21.5,75,1013.7
2025-05-18,24.5,26.5,23.2,28.60,28.60,24.0,14.38,17.5,40.7,90,22.8,83,1014.0
2025-05-19,24.8,27.9,23.2,23.30,23.30,24.0,17.50,20.2,45.0,89,22.7,72,1013.8
2025-05-20,24.4,27.1,23.4,58.20,58.20,24.0,12.07,16.5,38.2,91,22.9,96,1013.7
2025-05-21,24.1,25.1,23.1,38.60,38.60,22.0,6.22,15.6,37.8,93,22.9,98,1014.8
2025-05-22,25.4,28.3,22.7,1.60,1.60,9.0,19.96,12.9,31.3,83,22.2,58,1014.9
2025-05-23,25.2,27.6,22.9,3.10,3.10,13.0,19.37,12.7,31.3,87,22.8,42,1015.6
2025-05-24,25.3,28.3,23.3,5.80,5.80,17.0,19.14,16.6,37.4,87,22.8,52,1015.5
2025-05-25,25.4,28.3,22.6,8.80,8.80,15.0,18.61,20.8,46.8,81,21.7,62,1016.1
2025-05-26,25.3,27.9,23.2,4.10,4.10,17.0,19.49,19.6,46.8,82,21.9,44,1016.1
2025-05-27,24.8,27.7,23.4,6.20,6.20,21.0,17.95,16.9,39.2,87,22.4,69,1016.2
2025-05-28,25.4,28.7,22.8,3.10,3.10,19.0,19.86,15.1,35.6,84,22.4,51,1016.5
2025-05-29,26.2,28.3,24.9,2.20,2.20,10.0,19.58,16.6,39.2,79,22.2,20,1016.2
2025-05-30,25.0,27.1,23.2,4.30,4.30,20.0,18.81,14.9,36.0,87,22.7,40,1015.7
2025-05-31,25.0,27.6,22.7,2.20,2.20,14.0,18.72,12.6,31.3,85,22.3,45,1016.3
2025-06-01,25.2,27.3,22.4,2.10,2.10,15.0,18.15,12.9,29.5,83,22.1,42,1016.8
2025-06-02,25.4,28.4,23.2,3.70,3.70,18.0,17.22,18.6,42.5,81,21.8,50,1017.0
2025-06-03,25.3,28.4,22.1,4.70,4.70,15.0,19.21,17.3,40.3,80,21.3,46,1016.6
2025-06-04,24.3,26.7,22.9,12.20,12.20,24.0,14.44,14.4,36.4,88,22.3,82,1015.8
2025-06-05,24.8,27.3,22.7,4.90,4.90,20.0,17.79,15.3,37.8,87,22.5,56,1015.3
2025-06-06,25.0,28.1,22.6,2.20,2.20,12.0,20.38,16.1,37.1,85,22.2,46,1015.3
2025-06-07,24.7,27.5,22.4,4.70,4.70,23.0,18.47,17.4,39.6,87,22.4,90,1014.8
2025-06-08,25.2,27.3,23.0,3.40,3.40,16.0,18.08,14.3,35.3,85,22.4,91,1014.7
2025-06-09,25.0,27.7,22.8,1.70,1.70,10.0,17.59,10.7,28.4,87,22.6,73,1014.8
2025-06-10,24.8,27.0,23.0,2.20,2.20,11.0,16.56,9.9,27.4,87,22.5,62,1014.9
2025-06-11,25.8,28.5,24.0,3.00,3.00,10.0,19.68,13.8,33.8,79,21.7,66,1014.0
2025-06-12,24.8,27.5,22.2,2.90,2.90,11.0,19.74,15.5,35.6,84,21.8,54,1014.3
2025-06-13,25.4,28.2,22.9,6.30,6.30,11.0,17.48,19.0,46.1,78,21.1,52,1016.0
2025-06-14,24.1,25.3,22.8,15.20,15.20,22.0,12.92,19.4,43.6,86,21.7,73,1017.6
2025-06-15,25.3,27.9,22.8,3.70,3.70,13.0,16.02,16.2,36.4,79,21.3,56,1017.3
2025-06-16,26.0,28.3,24.3,0.10,0.10,1.0,20.30,13.1,31.3,72,20.6,15,1017.1
2025-06-17,24.7,27.8,22.7,9.00,9.00,18.0,15.08,18.7,42.1,84,21.6,71,1017.1
2025-06-18,24.5,25.9,22.9,8.80,8.80,18.0,15.47,21.4,48.2,83,21.4,62,1017.5
2025-06-19,24.3,26.0,22.5,18.00,18.00,23.0,13.80,15.8,41.0,86,21.9,73,1017.4
2025-06-20,24.8,27.4,22.3,6.10,6.10,17.0,15.44,19.4,45.7,84,21.7,58,1016.6
2025-06-21,25.5,27.9,23.5,3.80,3.80,12.0,17.64,16.4,38.2,79,21.5,51,1015.3
2025-06-22,24.5,27.1,22.7,3.20,3.20,15.0,15.63,14.0,32.4,87,22.2,55,1014.8
2025-06-23,24.7,26.8,23.2,4.40,4.40,19.0,15.96,12.7,31.3,86,22.1,63,1014.5
2025-06-24,25.4,27.6,23.4,3.40,3.40,15.0,17.38,14.3,34.9,84,22.5,54,1015.0
2025-06-25,25.2,27.5,23.4,3.10,3.10,18.0,16.64,17.4,42.1,83,22.0,60,1015.7
2025-06-26,24.9,27.0,23.0,8.60,8.60,20.0,18.70,21.9,50.0,81,21.3,57,1015.8
2025-06-27,23.8,26.2,22.2,10.30,10.30,19.0,13.98,18.0,41.4,91,22.1,86,1016.2
2025-06-28,24.1,26.0,22.6,19.20,19.20,20.0,10.50,17.3,41.0,88,22.1,78,1016.1
2025-06-29,23.5,25.5,21.7,17.60,17.60,22.0,14.07,15.5,36.0,91,21.9,74,1015.6
2025-06-30,24.2,28.0,22.1,5.80,5.80,18.0,17.72,18.7,43.6,88,21.9,55,1016.6
2025-07-01,23.8,25.7,21.7,11.40,11.40,21.0,12.99,17.7,42.1,89,21.8,80,1017.3
2025-07-02,24.2,27.0,21.9,7.80,7.80,14.0,16.30,22.2,54.0,80,20.4,80,1018.0
2025-07-03,23.3,26.2,21.2,4.70,4.70,14.0,16.00,23.4,52.2,84,20.4,78,1017.5
2025-07-04,24.3,27.0,22.3,1.60,1.60,12.0,18.76,18.4,43.2,81,20.7,43,1016.9
2025-07-05,24.3,27.9,21.1,0.00,0.00,0.0,18.04,18.3,41.8,79,20.3,34,1017.0
2025-07-06,24.3,27.0,21.7,1.10,1.10,6.0,19.06,18.4,42.5,81,20.8,47,1016.8
2025-07-07,24.6,27.0,22.4,2.10,2.10,9.0,17.61,20.4,46.8,81,21.0,74,1017.9
2025-07-08,24.3,27.1,22.2,5.50,5.50,12.0,16.17,23.6,52.6,80,20.5,58,1018.1
2025-07-09,23.3,26.2,21.4,7.30,7.30,18.0,9.71,23.2,50.8,86,20.7,84,1018.4
2025-07-10,23.4,25.6,21.8,13.90,13.90,23.0,13.59,21.2,47.2,88,21.3,78,1018.8
2025-07-11,24.0,26.7,22.2,15.20,15.20,20.0,10.99,22.7,53.3,82,20.5,79,1018.3
2025-07-12,23.2,26.2,21.0,5.00,5.00,22.0,17.68,20.8,47.2,84,20.2,62,1017.9
2025-07-13,23.5,26.5,20.9,3.20,3.20,15.0,19.16,20.6,46.4,83,20.4,53,1018.2
2025-07-14,23.9,26.2,22.1,6.00,6.00,18.0,13.55,21.7,47.9,84,21.0,83,1018.9
2025-07-15,24.0,26.1,22.1,3.50,3.50,16.0,18.67,21.9,48.6,83,20.8,32,1017.7
2025-07-16,23.4,27.0,20.8,0.40,0.40,2.0,20.80,20.6,47.2,81,19.9,25,1016.6
2025-07-17,23.5,26.4,20.9,1.80,1.80,13.0,20.05,17.3,40.3,84,20.6,38,1016.7
2025-07-18,24.2,26.8,21.2,0.90,0.90,8.0,20.67,13.1,32.0,83,20.9,28,1016.8
2025-07-19,23.9,25.8,22.6,6.30,6.30,21.0,13.76,16.8,39.6,88,21.7,76,1016.9
2025-07-20,23.8,26.0,22.3,5.20,5.20,22.0,15.78,16.4,37.8,85,21.2,67,1016.8
2025-07-21,23.9,27.0,21.0,0.10,0.10,1.0,21.54,18.0,42.5,80,20.2,17,1016.3
2025-07-22,23.7,25.9,21.6,2.00,2.00,13.0,16.65,15.7,36.0,86,21.1,63,1016.6
2025-07-23,24.0,25.6,22.8,5.50,5.50,20.0,14.03,15.6,40.0,89,22.1,87,1017.5
2025-07-24,24.7,27.2,22.7,4.10,4.10,15.0,19.79,21.6,48.6,81,21.1,40,1016.9
2025-07-25,24.0,25.3,22.6,2.70,2.70,13.0,16.08,20.7,46.8,78,19.9,50,1016.6
2025-07-26,24.0,26.8,20.7,1.10,1.10,5.0,18.81,22.9,51.8,77,19.7,45,1016.5
2025-07-27,24.2,26.8,22.3,7.40,7.40,17.0,14.54,24.0,53.3,83,21.1,78,1016.5
2025-07-28,24.2,25.7,23.1,21.40,21.40,23.0,13.93,18.8,42.8,89,22.3,83,1016.4
2025-07-29,24.3,26.3,22.4,6.70,6.70,20.0,17.41,16.7,39.2,86,21.7,57,1016.3
2025-07-30,25.1,27.8,21.8,0.80,0.80,7.0,21.14,12.9,32.0,79,21.1,40,1017.1
2025-07-31,24.9,28.1,22.1,1.70,1.70,12.0,20.83,15.0,34.9,80,20.9,28,1019.6
2025-08-01,24.0,26.8,21.8,2.60,2.60,16.0,19.27,20.1,45.7,84,21.1,57,1020.1
2025-08-02,24.0,26.9,22.1,5.00,5.00,22.0,20.58,20.2,46.1,83,21.0,53,1018.4
2025-08-03,23.5,26.0,21.7,11.50,11.50,22.0,15.99,17.8,40.7,87,21.2,81,1017.4
2025-08-04,23.3,25.3,22.0,14.60,14.60,23.0,15.78,17.9,43.2,89,21.4,83,1017.7
2025-08-05,23.5,25.1,21.5,8.30,8.30,23.0,13.42,18.9,39.6,88,21.4,76,1017.7
2025-08-06,24.7,27.0,22.3,2.30,2.30,9.0,21.44,20.6,46.8,78,20.5,62,1016.8
2025-08-07,24.1,26.7,21.4,2.10,2.10,10.0,21.41,18.1,41.8,82,20.7,46,1016.2
2025-08-08,24.0,26.4,21.5,1.00,1.00,8.0,21.69,11.5,29.2,85,21.2,39,1015.8
2025-08-09,24.0,25.6,22.5,4.80,4.80,19.0,14.17,13.7,32.4,86,21.5,60,1015.6
2025-08-10,24.9,27.3,22.1,0.30,0.30,3.0,21.93,12.4,30.2,82,21.6,27,1014.9
2025-08-11,24.8,27.3,22.4,1.50,1.50,7.0,21.66,13.8,33.8,85,22.0,37,1014.3
2025-08-12,23.9,25.7,22.5,1.90,1.90,11.0,18.24,13.6,33.5,85,21.2,45,1015.0
2025-08-13,25.1,27.7,22.9,0.40,0.40,4.0,22.69,15.5,37.1,73,19.7,23,1016.3
2025-08-14,24.0,25.9,22.3,6.90,6.90,18.0,16.17,18.7,42.1,86,21.5,75,1017.1
2025-08-15,23.5,25.5,22.5,47.50,47.50,24.0,7.70,20.7,46.4,92,22.1,100,1017.4
2025-08-16,23.8,25.8,22.4,9.70,9.70,20.0,16.20,23.4,51.1,84,20.9,68,1017.0
2025-08-17,24.4,27.0,22.5,2.30,2.30,11.0,21.27,21.7,51.1,73,19.1,41,1016.7
2025-08-18,24.2,26.6,22.1,0.90,0.90,8.0,22.18,20.0,45.4,75,19.4,22,1017.4
2025-08-19,23.2,25.5,21.1,4.50,4.50,20.0,17.99,21.7,50.4,83,20.1,74,1018.0
2025-08-20,23.4,26.2,21.4,6.20,6.20,24.0,19.28,20.4,46.1,86,20.7,91,1017.9
2025-08-21,24.0,27.1,21.6,4.60,4.60,23.0,21.73,20.2,46.1,84,20.9,59,1017.2
2025-08-22,24.1,26.4,22.3,6.00,6.00,15.0,20.34,21.9,49.3,78,19.9,44,1016.6
2025-08-23,23.5,25.5,21.0,1.30,1.30,9.0,18.18,18.6,42.5,80,19.8,38,1016.9
2025-08-24,24.7,27.5,21.8,1.60,1.60,10.0,22.99,16.7,38.5,77,20.3,27,1017.4
2025-08-25,24.4,27.1,22.5,4.50,4.50,20.0,21.47,19.4,43.9,80,20.7,38,1018.1
2025-08-26,24.8,27.6,22.8,1.00,1.00,6.0,23.62,14.8,36.7,74,19.6,25,1018.5
2025-08-27,24.3,26.4,22.3,1.20,1.20,12.0,22.12,19.5,44.6,80,20.5,26,1018.1
2025-08-28,23.8,26.5,21.5,6.10,6.10,18.0,20.92,20.4,47.2,83,20.7,55,1017.8
2025-08-29,23.9,26.1,21.8,8.70,8.70,21.0,19.60,22.1,50.0,82,20.5,56,1016.0
2025-08-30,23.1,26.5,20.4,6.90,6.90,15.0,20.51,22.1,49.3,85,20.5,50,1016.4
2025-08-31,24.4,26.4,22.5,17.90,17.90,13.0,14.30,19.1,45.7,82,20.9,66,1017.4
2025-09-01,24.8,26.8,22.7,2.80,2.80,12.0,22.59,20.3,46.1,76,20.4,29,1017.8
2025-09-02,24.0,26.0,22.6,6.50,6.50,20.0,20.23,24.8,55.8,82,20.5,63,1017.9
2025-09-03,23.9,25.8,21.8,6.10,6.10,18.0,18.38,22.4,52.9,81,20.4,61,1017.4
2025-09-04,23.7,25.6,22.4,12.40,12.40,21.0,14.65,26.0,57.6,84,20.8,78,1017.0
2025-09-05,23.9,25.8,22.6,8.30,8.30,23.0,16.99,22.2,52.2,87,21.5,76,1016.5
2025-09-06,24.8,26.8,23.4,4.50,4.50,22.0,23.03,24.6,53.3,81,21.3,39,1016.2
2025-09-07,24.5,27.3,22.2,3.10,3.10,21.0,21.10,24.0,53.6,78,20.3,51,1017.4
2025-09-08,23.2,25.5,21.3,7.00,7.00,21.0,16.68,19.2,47.2,88,21.1,70,1017.4
2025-09-09,24.7,27.2,22.9,1.70,1.70,11.0,23.59,20.1,45.4,78,20.5,27,1017.5
2025-09-10,24.8,26.8,22.8,0.10,0.10,1.0,23.00,16.7,39.6,79,20.8,27,1017.1
2025-09-11,24.9,27.2,22.6,0.70,0.70,7.0,21.13,20.5,48.2,79,20.8,45,1016.9
2025-09-12,24.2,28.0,21.2,1.50,1.50,8.0,23.37,17.2,40.0,81,20.7,34,1016.1
2025-09-13,24.6,27.7,21.5,1.70,1.70,10.0,23.37,16.5,39.6,77,20.1,36,1016.1
2025-09-14,25.2,27.9,22.3,0.40,0.40,4.0,24.40,17.0,40.3,72,19.6,33,1016.1
2025-09-15,25.1,27.5,23.2,1.40,1.40,8.0,23.02,20.0,47.5,73,19.8,61,1016.1
2025-09-16,25.2,27.7,23.5,1.00,1.00,5.0,24.37,20.3,45.4,72,19.8,40,1015.6
2025-09-17,24.7,27.0,22.6,4.60,4.60,14.0,22.99,20.2,45.4,78,20.5,52,1015.1
2025-09-18,25.0,26.9,23.6,4.00,4.00,15.0,22.79,20.2,45.0,75,20.3,53,1015.4
2025-09-19,24.7,26.7,23.4,4.40,4.40,15.0,22.78,24.7,52.9,76,20.2,74,1016.6
2025-09-20,25.0,27.9,23.6,3.20,3.20,11.0,23.19,21.4,48.2,78,20.8,89,1016.5
2025-09-21,24.9,26.6,23.6,5.20,5.20,15.0,23.82,20.9,44.6,79,21.1,79,1015.6
2025-09-22,25.1,27.4,23.1,1.90,1.90,14.0,23.22,18.1,41.8,80,21.3,48,1015.8
2025-09-23,25.6,27.6,24.1,1.40,1.40,4.0,24.21,21.5,49.0,75,20.8,39,1017.2
2025-09-24,25.1,27.3,23.2,3.60,3.60,18.0,23.68,23.7,49.0,79,21.2,31,1018.0
2025-09-25,24.9,27.0,22.6,4.00,4.00,16.0,23.95,23.8,54.7,77,20.6,25,1016.7
2025-09-26,24.9,26.8,23.3,1.30,1.30,8.0,23.32,23.9,53.3,70,19.1,46,1016.4
2025-09-27,24.9,27.5,22.6,0.20,0.20,2.0,22.40,23.5,52.2,67,18.2,76,1017.1
2025-09-28,25.3,27.6,23.3,0.40,0.40,3.0,21.23,24.0,53.6,68,18.9,73,1017.6
2025-09-29,25.4,27.7,23.0,0.90,0.90,5.0,25.12,20.7,48.2,71,19.7,37,1017.5
2025-09-30,24.1,26.2,22.7,9.90,9.90,24.0,21.14,23.6,53.3,84,21.2,67,1017.2
2025-10-01,23.5,25.4,21.8,12.50,12.50,23.0,18.42,22.4,51.8,85,20.9,83,1017.7
2025-10-02,24.3,26.3,22.0,5.80,5.80,16.0,23.22,25.9,57.2,78,20.1,71,1017.3
2025-10-03,24.6,26.9,22.3,1.90,1.90,11.0,23.44,21.3,48.6,73,19.3,50,1016.8
2025-10-04,24.9,26.8,23.4,0.60,0.60,4.0,24.96,19.5,45.0,73,19.7,29,1016.9
2025-10-05,24.7,26.5,22.8,2.60,2.60,15.0,23.85,22.0,50.4,75,20.0,34,1016.1
2025-10-06,24.9,27.0,22.5,2.20,2.20,9.0,23.54,17.5,41.0,73,19.6,46,1014.6
2025-10-07,25.2,27.6,23.1,0.50,0.50,3.0,25.56,14.3,35.3,70,19.2,53,1014.8
2025-10-08,25.3,27.5,23.6,1.10,1.10,11.0,24.61,16.7,39.2,78,21.0,81,1014.5
2025-10-09,25.2,27.0,23.4,2.60,2.60,14.0,24.29,22.2,50.4,80,21.5,45,1015.2
2025-10-10,25.1,27.4,23.4,2.00,2.00,9.0,26.04,21.4,48.6,78,20.8,26,1015.7
2025-10-11,25.2,27.4,23.4,2.90,2.90,15.0,24.76,18.5,43.2,79,21.3,31,1014.4
2025-10-12,25.4,27.4,23.6,3.20,3.20,13.0,25.31,17.6,41.4,78,21.3,51,1013.8
2025-10-13,25.3,27.2,23.4,6.80,6.80,15.0,25.66,21.5,47.5,78,21.2,62,1014.4
2025-10-14,25.5,27.7,24.3,0.50,0.50,3.0,24.95,19.1,45.4,72,20.1,52,1014.7
2025-10-15,25.2,27.4,23.8,1.00,1.00,6.0,25.16,20.1,47.2,73,19.8,24,1014.9
2025-10-16,25.1,27.6,22.9,1.30,1.30,6.0,23.69,20.9,48.2,72,19.7,36,1014.5
2025-10-17,24.8,27.0,22.1,3.20,3.20,17.0,23.81,18.4,43.2,78,20.7,78,1014.2
2025-10-18,25.6,27.7,23.7,1.80,1.80,8.0,25.46,18.4,42.8,76,20.9,79,1014.4
2025-10-19,25.9,28.3,24.2,0.10,0.10,1.0,25.80,16.4,39.6,76,21.4,43,1013.5
2025-10-20,26.1,28.2,24.5,1.40,1.40,8.0,23.96,17.1,41.4,77,21.7,40,1013.6
2025-10-21,25.8,28.5,24.4,2.90,2.90,9.0,24.81,18.3,43.9,71,20.1,20,1015.4
2025-10-22,26.0,28.6,23.8,0.40,0.40,3.0,26.47,16.9,41.0,68,19.4,21,1015.8
2025-10-23,25.5,27.6,23.7,3.30,3.30,17.0,24.57,22.9,52.6,75,20.7,48,1016.2
2025-10-24,25.1,26.7,24.1,3.60,3.60,11.0,18.00,23.0,51.8,78,21.0,45,1016.1
2025-10-25,25.3,27.7,23.3,4.00,4.00,16.0,24.06,24.3,53.3,72,19.8,34,1015.7
2025-10-26,24.6,26.2,23.4,4.20,4.20,17.0,22.97,21.8,49.7,75,20.0,40,1015.0
2025-10-27,25.4,27.6,23.5,4.20,4.20,19.0,25.01,20.1,47.5,75,20.5,29,1015.4
2025-10-28,24.7,27.0,22.0,5.40,5.40,16.0,21.50,22.1,50.0,79,20.8,51,1016.1
2025-10-29,25.2,27.4,23.2,4.30,4.30,14.0,25.41,19.1,44.6,76,20.7,21,1016.2
2025-10-30,25.4,27.6,23.5,0.90,0.90,7.0,25.13,16.2,39.2,75,20.7,24,1015.2
2025-10-31,25.7,27.8,23.8,0.10,0.10,1.0,25.66,15.0,35.6,71,19.9,32,1014.7
2025-11-01,25.8,28.1,24.1,0.00,0.00,0.0,23.91,14.5,37.1,69,19.6,31,1014.7
2025-11-02,25.4,27.6,23.2,0.70,0.70,4.0,25.00,13.9,34.2,75,20.6,30,1014.4
2025-11-03,26.4,29.3,24.1,0.40,0.40,3.0,25.47,15.6,37.4,70,20.3,27,1014.5
2025-11-04,26.5,28.7,24.8,0.60,0.60,3.0,25.68,17.7,41.8,71,20.7,48,1014.2
2025-11-05,26.3,28.1,24.7,1.40,1.40,6.0,24.20,16.1,40.0,72,20.8,60,1014.3
2025-11-06,26.3,29.2,23.3,0.40,0.40,3.0,24.64,17.4,41.0,72,20.7,72,1013.3
2025-11-07,26.4,30.0,23.2,0.20,0.20,2.0,26.64,17.0,42.1,74,21.2,52,1012.2
2025-11-08,26.8,29.7,24.7,0.00,0.00,0.0,27.36,15.2,38.9,72,21.3,79,1012.6
2025-11-09,26.9,30.1,24.6,0.00,0.00,0.0,25.80,17.7,41.8,70,20.8,65,1013.2
2025-11-10,26.9,29.7,24.2,0.40,0.40,4.0,26.23,16.0,41.0,68,20.3,59,1014.3
2025-11-11,26.3,28.6,24.9,1.90,1.90,11.0,25.89,18.0,42.1,69,20.2,56,1014.4
2025-11-12,26.2,28.7,24.4,0.80,0.80,3.0,26.16,16.5,40.7,66,19.3,20,1014.9
2025-11-13,25.7,27.9,23.1,3.50,3.50,10.0,23.42,20.1,47.5,70,19.7,43,1015.3
2025-11-14,25.8,28.1,24.2,5.40,5.40,16.0,25.41,20.5,46.1,71,20.0,31,1015.6
2025-11-15,25.8,28.1,23.1,1.60,1.60,9.0,25.50,18.4,44.3,71,20.0,33,1014.3
2025-11-16,26.0,28.1,24.0,0.50,0.50,4.0,24.36,16.8,41.4,69,19.9,50,1013.7
2025-11-17,26.6,29.6,24.6,0.00,0.00,0.0,20.22,13.7,35.3,67,19.9,86,1013.6
2025-11-18,26.6,29.5,24.5,1.30,1.30,5.0,26.43,16.8,41.8,75,21.7,45,1012.8
2025-11-19,26.9,29.8,24.7,0.00,0.00,0.0,24.42,22.0,51.5,68,20.3,73,1011.5
2025-11-20,26.9,29.6,24.1,0.60,0.60,4.0,24.43,21.0,48.6,69,20.6,86,1011.5
2025-11-21,26.7,29.1,24.6,1.80,1.80,13.0,24.56,17.5,43.6,73,21.4,75,1013.1
2025-11-22,26.7,29.0,24.2,0.70,0.70,4.0,25.14,17.7,43.6,72,21.2,72,1013.2
2025-11-23,26.4,29.2,23.8,1.00,1.00,8.0,26.10,17.8,42.8,71,20.5,23,1013.1
2025-11-24,26.6,29.1,24.3,0.20,0.20,2.0,25.43,18.2,43.6,70,20.6,41,1012.3
2025-11-25,26.3,28.6,24.2,3.50,3.50,13.0,25.24,18.0,43.2,77,21.8,43,1012.6
2025-11-26,26.7,28.9,24.9,1.10,1.10,6.0,25.58,17.9,42.8,75,21.8,54,1012.5
2025-11-27,27.2,29.5,25.4,0.30,0.30,3.0,25.82,16.4,40.7,70,21.0,63,1012.8
2025-11-28,26.9,28.9,25.1,1.20,1.20,7.0,25.75,17.3,42.5,70,21.0,52,1012.7
2025-11-29,26.8,29.2,25.2,1.10,1.10,7.0,25.74,16.8,41.8,70,20.8,76,1011.7
2025-11-30,26.8,28.9,25.2,0.50,0.50,3.0,25.59,16.5,40.7,67,20.2,84,1010.8
2025-12-01,27.2,29.9,24.9,0.20,0.20,2.0,23.49,14.6,37.1,63,19.3,67,1011.0
2025-12-02,26.5,28.7,24.7,2.60,2.60,13.0,24.32,17.6,42.5,75,21.7,77,1011.6
2025-12-03,26.7,28.5,25.3,0.70,0.70,5.0,25.50,15.1,38.2,75,21.8,37,1012.1
2025-12-04,26.6,29.0,24.9,1.80,1.80,10.0,22.58,17.0,42.1,78,22.3,86,1011.4
2025-12-05,27.5,30.1,25.6,0.30,0.30,2.0,25.03,17.8,41.8,66,20.5,81,1012.6
2025-12-06,26.6,29.1,24.3,2.80,2.80,10.0,22.50,18.9,46.1,74,21.4,92,1013.7
2025-12-07,26.9,29.5,24.9,1.10,1.10,8.0,22.53,16.9,41.0,71,21.2,99,1013.9
2025-12-08,26.3,28.3,24.2,4.00,4.00,10.0,23.37,20.6,47.9,75,21.5,95,1013.7
2025-12-09,25.9,29.0,23.6,2.70,2.70,15.0,25.95,15.7,37.1,80,21.9,36,1013.5
2025-12-10,26.7,28.7,25.0,1.10,1.10,6.0,25.01,16.0,39.2,72,21.2,31,1013.5
2025-12-11,27.1,29.5,25.1,0.10,0.10,1.0,24.08,16.1,40.3,70,21.0,38,1012.2
2025-12-12,27.1,29.5,25.2,0.00,0.00,0.0,26.53,17.6,43.6,70,21.2,22,1011.4
2025-12-13,26.9,29.2,25.1,0.60,0.60,6.0,24.96,18.5,44.6,69,20.7,48,1011.6
2025-12-14,27.0,30.1,25.3,0.10,0.10,1.0,26.49,18.0,43.6,65,19.7,41,1012.3
2025-12-15,26.6,29.0,25.0,1.70,1.70,14.0,24.17,17.3,41.8,72,21.0,39,1012.0
2025-12-16,26.6,28.4,25.2,0.70,0.70,6.0,24.72,16.5,40.7,71,20.9,30,1011.6
2025-12-17,26.4,28.7,24.3,0.60,0.60,4.0,24.17,17.1,40.3,69,20.3,36,1011.3
2025-12-18,26.8,29.9,24.6,0.20,0.20,2.0,25.79,17.2,42.8,65,19.5,41,1011.5
2025-12-19,26.6,29.0,24.6,2.20,2.20,13.0,25.74,16.6,41.4,71,20.8,25,1012.0
2025-12-20,27.0,29.4,25.4,1.10,1.10,11.0,25.57,18.0,44.3,69,20.7,31,1012.2
2025-12-21,26.9,29.2,24.9,0.60,0.60,4.0,25.30,18.0,42.1,69,20.7,37,1012.0
2025-12-22,26.8,29.9,24.6,2.50,2.50,9.0,21.33,18.7,44.6,69,20.3,99,1012.3
2025-12-23,26.0,28.2,23.9,3.40,3.40,15.0,20.85,20.7,49.0,75,21.1,63,1013.0
2025-12-24,25.5,27.0,24.0,5.30,5.30,21.0,22.72,17.4,40.7,77,21.1,69,1011.6
2025-12-25,25.6,28.1,23.0,3.00,3.00,12.0,24.64,13.7,34.2,78,21.5,56,1012.5
2025-12-26,26.4,28.8,24.2,0.90,0.90,7.0,25.05,15.4,37.8,76,21.7,63,1013.7
2025-12-27,27.0,29.3,25.1,0.30,0.30,3.0,25.12,17.0,41.4,74,21.8,29,1013.4
2025-12-28,26.9,29.4,24.4,1.60,1.60,11.0,25.80,17.0,41.4,77,22.3,37,1012.3
2025-12-29,27.2,29.8,24.8,1.20,1.20,10.0,26.01,18.1,44.3,76,22.5,26,1012.2
2025-12-30,27.6,30.8,25.3,1.10,1.10,8.0,23.89,17.5,42.5,71,21.6,57,1013.3
2025-12-31,27.3,30.5,24.7,1.60,1.60,10.0,24.71,17.1,42.5,70,21.0,67,1014.4
2026-01-01,26.8,29.6,24.2,0.90,0.90,8.0,25.50,17.1,41.8,75,21.8,28,1013.1
2026-01-02,27.3,30.2,25.0,0.00,0.00,0.0,25.19,19.9,46.8,70,21.2,25,1011.6
2026-01-03,27.7,30.8,25.2,0.30,0.30,2.0,26.51,21.2,50.8,68,21.1,22,1012.1
2026-01-04,27.4,30.3,24.4,1.40,1.40,7.0,25.88,18.9,45.4,71,21.4,24,1013.2
2026-01-05,27.7,30.2,25.5,0.20,0.20,2.0,25.34,17.2,43.2,65,20.5,46,1012.9
2026-01-06,27.3,29.2,26.1,1.70,1.70,7.0,24.80,16.8,42.8,66,20.4,45,1013.6
2026-01-07,27.4,30.4,25.0,0.30,0.30,2.0,25.69,14.9,37.4,65,20.1,72,1014.0
2026-01-08,26.4,28.6,23.6,1.60,1.60,10.0,24.53,14.0,36.7,76,21.7,42,1013.5
2026-01-09,26.3,28.6,23.7,1.30,1.30,11.0,24.74,15.1,38.2,78,22.1,50,1013.7
2026-01-10,27.2,29.6,25.2,2.60,2.60,18.0,26.14,17.8,43.2,75,22.2,25,1012.6
2026-01-11,26.8,29.1,24.3,4.10,4.10,13.0,24.99,16.1,39.6,75,21.9,35,1013.0
2026-01-12,27.2,29.7,23.5,4.50,4.50,11.0,25.01,21.9,52.6,70,21.2,50,1013.3
2026-01-13,27.4,30.2,25.5,1.00,1.00,5.0,25.26,21.5,50.8,66,20.3,84,1013.0
2026-01-14,27.0,29.6,25.2,3.40,3.40,12.0,22.68,19.0,45.0,71,21.0,87,1012.8
2026-01-15,26.3,29.3,24.2,4.60,4.60,15.0,23.98,18.6,43.9,77,21.9,92,1012.8
2026-01-16,25.8,28.5,23.1,4.20,4.20,12.0,21.77,15.0,37.4,80,22.1,51,1012.8
2026-01-17,26.9,29.2,25.2,0.80,0.80,2.0,26.32,16.6,40.0,72,21.3,43,1011.9
2026-01-18,26.7,29.0,24.4,5.80,5.80,11.0,25.59,18.6,44.3,75,21.8,83,1011.7
2026-01-19,26.6,29.6,24.0,8.10,8.10,13.0,23.87,18.5,41.8,77,22.1,97,1011.5
2026-01-20,26.1,28.6,23.2,5.50,5.50,10.0,17.06,15.2,35.6,78,21.7,100,1011.8
2026-01-21,27.0,28.9,25.9,2.60,2.60,11.0,24.20,17.9,43.2,70,21.0,87,1011.9
2026-01-22,27.2,30.5,24.8,0.60,0.60,5.0,26.47,20.4,47.2,68,20.5,34,1011.7
2026-01-23,27.2,30.7,25.2,1.60,1.60,7.0,25.78,16.5,39.2,67,20.3,24,1012.4
2026-01-24,26.4,29.1,24.3,3.30,3.30,13.0,25.56,17.7,42.8,76,21.6,36,1013.4
2026-01-25,26.0,28.7,22.5,4.60,4.60,13.0,24.38,15.9,37.4,80,22.1,44,1014.1
2026-01-26,27.1,29.6,24.5,3.30,3.30,14.0,25.42,18.2,43.6,74,22.0,57,1014.0
2026-01-27,27.4,29.8,25.4,1.00,1.00,8.0,22.13,17.8,41.4,71,21.5,96,1014.1
2026-01-28,27.2,29.9,24.5,3.30,3.30,11.0,24.26,17.7,41.4,74,21.9,76,1014.4
2026-01-29,27.6,29.7,26.0,0.00,0.00,0.0,27.18,14.6,36.4,70,21.6,23,1014.3
2026-01-30,27.8,30.4,25.2,0.10,0.10,1.0,26.92,15.6,38.5,68,21.1,86,1013.6
2026-01-31,27.8,30.1,25.9,0.20,0.20,2.0,24.47,17.1,41.0,70,21.7,75,1013.1
2026-02-01,27.5,30.1,25.4,0.20,0.20,2.0,24.68,14.8,38.5,71,21.7,43,1012.1
2026-02-02,27.8,30.4,25.5,0.40,0.40,3.0,25.30,14.8,39.2,69,21.4,33,1012.5
2026-02-03,28.0,31.5,24.5,0.00,0.00,0.0,26.88,16.9,41.4,66,20.8,26,1012.5
2026-02-04,28.2,31.0,26.2,0.80,0.80,6.0,26.67,14.9,39.2,67,21.2,19,1012.6
2026-02-05,26.9,29.5,24.2,1.70,1.70,11.0,23.70,17.1,42.8,74,21.8,82,1012.2
2026-02-06,26.6,29.7,24.4,1.10,1.10,5.0,23.44,19.0,45.7,74,21.6,60,1012.8
2026-02-07,25.2,27.4,23.3,17.50,17.50,13.0,12.93,12.1,29.9,86,22.7,95,1014.5
2026-02-08,25.6,28.3,23.1,4.20,4.20,13.0,14.59,13.6,32.0,83,22.5,99,1015.4
2026-02-09,27.2,29.4,25.8,1.30,1.30,7.0,24.45,15.3,35.6,73,21.9,72,1014.8
2026-02-10,27.4,29.5,25.4,0.30,0.30,3.0,24.74,17.8,42.5,71,21.5,81,1013.6
2026-02-11,27.3,29.3,25.7,0.90,0.90,7.0,24.31,19.1,45.4,70,21.3,85,1013.8
2026-02-12,25.2,26.6,24.6,11.40,11.40,8.0,9.29,8.3,22.7,84,22.3,90,1014.7
2026-02-13,25.2,27.4,23.6,14.10,14.10,19.0,18.70,13.3,33.1,85,22.6,79,1014.3
2026-02-14,25.7,28.1,23.4,4.70,4.70,18.0,22.85,16.7,39.6,84,22.7,71,1012.9
2026-02-15,25.9,28.4,23.0,3.50,3.50,10.0,24.99,14.4,35.6,80,22.1,71,1013.0
2026-02-16,26.3,28.4,24.2,1.60,1.60,10.0,24.64,15.9,37.1,79,22.2,85,1013.6
2026-02-17,26.8,28.7,24.7,2.60,2.60,16.0,24.94,16.4,40.3,78,22.6,71,1013.0
2026-02-18,26.8,29.1,24.3,1.50,1.50,9.0,19.80,11.3,26.6,80,22.9,87,1012.4
2026-02-19,27.3,30.1,24.5,1.50,1.50,8.0,24.33,14.8,36.0,78,22.9,85,1011.5
2026-02-20,27.6,30.3,24.7,0.30,0.30,3.0,25.94,15.6,39.2,72,22.1,64,1011.6
2026-02-21,27.9,30.9,25.0,0.10,0.10,1.0,26.17,14.9,37.8,70,21.8,54,1012.6
2026-02-22,28.3,31.2,26.2,0.00,0.00,0.0,24.65,15.8,40.7,67,21.4,78,1012.3
2026-02-23,27.7,30.6,24.9,1.80,1.80,10.0,25.14,16.1,39.6,74,22.6,41,1011.1
2026-02-24,27.0,29.8,23.6,3.80,3.80,10.0,25.51,13.0,32.8,79,22.9,34,1010.3
2026-02-25,28.1,31.0,25.4,2.00,2.00,10.0,25.44,15.9,39.6,73,22.5,50,1009.5
2026-02-26,28.2,31.5,25.5,1.10,1.10,10.0,20.80,16.8,41.8,71,22.3,97,1010.2
2026-02-27,27.6,30.8,24.5,1.50,1.50,11.0,25.46,17.8,41.4,75,22.6,93,1010.2
2026-02-28,27.5,30.2,24.4,1.70,1.70,7.0,23.63,15.5,38.2,74,22.3,100,1010.3
2026-03-01,26.5,28.9,24.1,3.30,3.30,11.0,17.37,11.5,31.0,80,22.8,100,1010.6
2026-03-02,26.4,30.2,23.4,9.20,9.20,11.0,23.45,13.3,36.4,83,23.1,97,1010.6
2026-03-03,26.8,29.2,24.0,1.10,1.10,7.0,24.31,13.5,33.8,80,22.9,91,1010.6
2026-03-04,27.5,29.7,25.9,0.00,0.00,0.0,26.04,16.4,39.6,70,21.3,85,1010.9
2026-03-05,26.5,29.8,24.5,4.00,4.00,9.0,21.15,18.4,44.3,76,21.8,87,1012.0
2026-03-06,27.3,30.3,24.6,1.70,1.70,9.0,26.76,19.6,48.2,74,22.0,35,1011.9
2026-03-07,26.0,28.3,23.7,4.20,4.20,15.0,22.44,17.4,42.8,82,22.6,44,1011.1
2026-03-08,27.1,30.1,23.6,1.40,1.40,10.0,25.11,15.1,37.8,74,22.0,35,1011.0
2026-03-09,27.9,29.7,25.9,0.30,0.30,3.0,24.44,12.8,32.0,72,22.3,35,1012.2
2026-03-10,28.5,31.0,26.6,0.00,0.00,0.0,25.61,16.5,39.6,65,21.2,27,1012.3
2026-03-11,28.3,31.1,26.6,0.00,0.00,0.0,25.56,16.3,43.2,66,21.3,15,1011.5
2026-03-12,28.4,31.0,26.4,0.40,0.40,4.0,26.09,15.1,38.5,65,21.0,19,1011.3
2026-03-13,27.3,30.1,24.1,0.40,0.40,2.0,26.24,13.1,33.8,79,23.1,90,1011.6
2026-03-14,28.3,30.9,25.3,0.60,0.60,4.0,24.95,14.1,36.7,73,22.7,79,1011.1
2026-03-15,28.4,30.9,26.0,0.40,0.40,1.0,25.80,13.3,36.0,70,22.4,32,1010.8
2026-03-16,27.5,31.1,23.9,3.90,3.90,15.0,25.05,15.2,38.2,75,22.4,40,1011.4
2026-03-17,27.6,30.4,24.3,2.30,2.30,15.0,24.22,16.9,42.5,73,22.2,67,1011.5
2026-03-18,28.7,30.7,27.0,0.00,0.00,0.0,25.21,16.3,41.8,64,21.2,63,1010.7
2026-03-19,28.6,30.8,25.9,0.00,0.00,0.0,25.68,13.5,36.7,64,21.1,63,1010.0
2026-03-20,28.6,31.4,26.0,0.50,0.50,4.0,25.79,14.2,36.7,66,21.6,50,1010.2
2026-03-21,28.4,30.7,26.4,0.70,0.70,6.0,24.96,14.3,36.7,70,22.3,18,1011.0
2026-03-22,27.4,30.1,24.7,1.70,1.70,11.0,24.85,16.1,40.3,79,23.3,32,1011.7
2026-03-23,27.5,30.7,24.0,1.90,1.90,10.0,24.31,16.4,40.3,74,22.2,69,1011.4
2026-03-24,28.8,31.5,26.5,0.20,0.20,2.0,25.80,15.5,40.0,63,20.9,47,1011.6
2026-03-25,27.7,30.2,25.4,2.80,2.80,18.0,24.61,16.3,39.6,72,22.0,43,1011.8
2026-03-26,26.0,29.2,22.7,4.90,4.90,16.0,22.04,17.5,43.6,81,22.3,94,1011.7
2026-03-27,25.8,29.2,23.8,5.90,5.90,21.0,20.95,18.5,43.9,84,22.8,93,1011.3
2026-03-28,25.9,29.0,23.4,8.80,8.80,18.0,21.35,12.6,31.7,85,23.0,80,1011.9
2026-03-29,26.2,30.0,23.5,1.70,1.70,10.0,22.69,14.6,35.3,84,23.0,87,1011.4
2026-03-30,25.5,28.3,23.8,12.10,12.10,21.0,18.81,16.7,39.6,88,23.3,95,1011.2
2026-03-31,25.5,28.0,23.7,16.40,16.40,19.0,17.89,13.4,34.6,89,23.5,92,1011.1
2026-04-01,24.8,27.0,23.7,17.90,17.90,23.0,12.74,12.6,32.8,91,23.2,100,1011.6
2026-04-02,25.8,28.4,23.3,3.50,3.50,16.0,22.01,12.1,30.6,87,23.4,67,1012.1
2026-04-03,26.5,29.2,23.6,2.80,2.80,10.0,23.89,15.3,37.8,83,23.2,43,1013.5
2026-04-04,26.6,28.7,24.5,3.50,3.50,17.0,21.86,17.4,41.4,81,22.9,59,1013.3
2026-04-05,25.5,27.8,24.2,9.30,9.30,22.0,17.78,14.4,35.6,88,23.3,82,1012.9
2026-04-06,26.1,29.9,23.7,18.10,18.10,14.0,22.87,16.4,40.7,85,23.2,76,1013.5
2026-04-07,25.3,28.2,24.1,29.60,29.60,23.0,12.71,14.9,35.6,90,23.5,100,1014.1
2026-04-08,25.6,27.2,24.0,10.50,10.50,17.0,14.63,15.2,35.6,87,23.3,91,1013.0
2026-04-09,26.5,29.4,23.3,0.10,0.10,1.0,23.61,14.0,34.2,77,21.9,74,1012.1
2026-04-10,26.8,29.0,24.0,1.20,1.20,7.0,21.51,12.7,30.2,78,22.6,83,1012.6
2026-04-11,26.9,30.2,24.7,2.50,2.50,6.0,23.50,16.0,37.8,79,22.9,64,1012.9
2026-04-12,25.3,27.5,23.6,17.30,17.30,20.0,14.43,17.1,39.6,88,23.1,100,1013.1
2026-04-13,26.1,28.7,23.6,1.80,1.80,13.0,20.53,13.4,33.8,85,23.3,97,1011.5
2026-04-14,26.3,28.2,24.0,5.20,5.20,18.0,15.01,15.9,37.8,81,22.7,87,1010.5
2026-04-15,27.2,29.6,25.4,0.40,0.40,2.0,22.14,14.4,34.6,74,22.1,86,1010.7
2026-04-16,25.9,28.5,23.7,3.70,3.70,13.0,22.30,16.0,38.5,85,23.1,96,1010.6
2026-04-17,25.9,28.8,23.3,4.00,4.00,13.0,22.56,14.8,36.0,86,23.3,63,1009.3
2026-04-18,26.9,29.5,24.1,1.70,1.70,14.0,22.72,17.5,40.0,82,23.5,99,1008.6
2026-04-19,26.6,29.0,23.6,4.40,4.40,16.0,21.52,15.5,31.7,85,23.7,100,1010.1
2026-04-20,25.8,28.1,23.7,5.30,5.30,14.0,19.77,14.7,37.8,88,23.5,96,1011.4
2026-04-21,26.7,29.4,23.7,2.00,2.00,10.0,22.75,16.8,38.9,79,22.5,47,1011.8
2026-04-22,26.4,28.9,23.6,0.90,0.90,6.0,23.32,14.0,31.7,79,22.4,46,1012.3
2026-04-23,25.7,28.5,24.1,13.50,13.50,24.0,19.18,17.7,41.4,87,23.3,73,1012.0
2026-04-24,26.2,29.1,23.4,6.40,6.40,14.0,21.19,18.3,43.9,81,22.4,100,1012.0
2026-04-25,25.5,27.6,23.4,3.80,3.80,20.0,18.00,13.4,35.6,86,22.9,91,1011.9
2026-04-26,26.6,29.2,23.9,1.00,1.00,9.0,22.33,20.2,46.1,77,22.1,52,1012.4
2026-04-27,25.4,28.1,23.9,17.10,17.10,22.0,14.94,17.7,39.2,87,23.1,99,1013.0
2026-04-28,24.8,26.7,21.8,30.70,30.70,24.0,16.78,13.8,33.1,89,22.8,86,1013.0
2026-04-29,25.9,28.9,23.6,4.10,4.10,15.0,20.75,17.9,41.8,79,22.0,72,1012.1
2026-04-30,25.8,29.3,22.5,5.40,5.40,18.0,19.97,18.3,40.7,82,22.4,68,1011.6
2026-05-01,24.4,25.8,23.4,60.10,60.10,24.0,5.53,15.3,32.0,94,23.4,100,1013.2
2026-05-02,25.6,28.5,23.0,18.60,18.60,15.0,15.82,15.7,41.0,85,22.7,87,1013.4
2026-05-03,26.3,28.7,24.1,1.10,1.10,6.0,21.46,14.3,34.9,81,22.7,70,1013.3
2026-05-04,25.6,28.6,23.0,19.60,19.60,16.0,20.52,21.7,47.9,85,22.8,59,1013.6
2026-05-05,25.6,28.4,23.1,12.70,12.70,13.0,11.76,20.1,47.5,85,22.7,79,1014.6
2026-05-06,26.3,28.0,24.7,1.00,1.00,9.0,18.75,21.0,49.3,80,22.5,38,1013.6
2026-05-07,25.2,27.9,23.5,12.20,12.20,21.0,17.51,17.6,45.4,88,23.1,93,1012.7
2026-05-08,24.9,27.6,23.7,17.80,17.80,21.0,15.12,17.5,41.0,89,23.0,93,1012.9
2026-05-09,25.3,27.7,23.8,21.80,21.80,24.0,17.08,15.0,38.5,90,23.4,86,1013.0
2026-05-10,26.2,28.7,24.0,7.30,7.30,16.0,18.42,15.1,36.0,83,23.0,81,1013.5
2026-05-11,25.6,28.1,24.2,6.60,6.60,11.0,12.12,17.9,39.2,85,22.9,89,1013.1
2026-05-12,24.9,27.1,23.0,27.30,27.30,24.0,10.53,17.2,41.4,91,23.4,96,1013.6
2026-05-13,25.5,27.5,24.2,16.70,16.70,22.0,10.95,16.3,36.4,86,23.0,93,1014.3
2026-05-14,26.2,28.7,23.8,2.90,2.90,18.0,20.19,17.4,40.7,80,22.4,41,1014.2
2026-05-15,24.6,26.0,23.6,46.80,46.80,19.0,7.07,18.6,40.7,89,22.6,90,1014.5
2026-05-16,24.7,27.4,23.7,19.70,19.70,21.0,11.78,12.9,29.9,91,23.1,79,1014.1
2026-05-17,25.6,27.7,23.3,5.80,5.80,12.0,18.27,11.5,30.2,84,22.5,46,1014.1
2026-05-18,26.3,28.6,24.0,1.40,1.40,13.0,20.84,15.6,37.4,79,22.2,27,1014.9
2026-05-19,25.6,29.3,22.6,2.10,2.10,11.0,20.70,16.4,37.8,80,21.8,26,1015.2
2026-05-20,26.0,28.8,23.8,4.40,4.40,13.0,21.03,16.2,40.3,81,22.3,24,1014.9
2026-05-21,25.8,28.1,23.8,0.80,0.80,8.0,20.56,15.4,36.7,80,21.9,26,1014.9
2026-05-22,25.4,27.8,23.0,2.50,2.50,11.0,19.97,19.4,45.4,80,21.7,26,1015.2
2026-05-23,25.4,28.2,23.0,8.80,8.80,22.0,18.56,21.6,50.0,82,22.0,64,1015.0
2026-05-24,25.3,29.0,23.1,11.10,11.10,18.0,19.31,19.3,46.8,82,21.9,64,1014.2
2026-05-25,25.6,28.3,22.8,4.80,4.80,16.0,20.10,15.9,38.5,82,22.1,45,1014.8
2026-05-26,24.8,27.5,23.0,22.80,22.80,24.0,13.94,18.3,42.5,90,23.0,85,1015.4
2026-05-27,25.4,27.6,23.4,7.80,7.80,19.0,16.53,19.2,44.3,84,22.4,57,1014.4
2026-05-28,25.4,28.3,23.2,3.20,3.20,17.0,18.69,17.6,41.0,82,22.1,49,1014.2
2026-05-29,25.5,28.4,22.8,2.10,2.10,13.0,16.65,19.9,45.4,81,22.0,65,1014.6
2026-05-30,25.3,27.8,23.4,4.80,4.80,20.0,19.36,18.5,42.5,85,22.5,45,1015.3
2026-05-31,25.2,27.5,23.0,2.70,2.70,10.0,19.50,15.4,36.0,84,22.4,29,1014.8
2026-06-01,25.8,28.1,23.4,1.20,1.20,8.0,21.03,16.4,40.7,80,21.9,46,1014.9
2026-06-02,24.9,27.1,23.5,6.30,6.30,14.0,12.88,19.8,45.0,83,21.8,75,1016.1
2026-06-03,24.8,26.9,23.4,12.10,12.10,17.0,15.57,15.7,36.7,89,22.8,70,1017.1
2026-06-04,25.3,27.1,23.6,11.30,11.30,23.0,14.75,18.6,45.0,85,22.5,72,1016.4
2026-06-05,25.8,28.2,23.6,4.10,4.10,16.0,19.08,20.6,46.1,79,21.7,34,1015.1
2026-06-06,24.4,26.7,22.8,15.70,15.70,24.0,15.19,20.2,43.6,87,22.1,77,1014.3
2026-06-07,24.2,25.5,23.0,49.50,49.50,24.0,6.00,17.9,33.1,90,22.3,100,1015.3
2026-06-08,25.1,27.4,23.6,10.50,10.50,24.0,15.80,22.9,51.1,85,22.3,77,1016.5
2026-06-09,25.5,27.8,23.6,8.10,8.10,18.0,18.47,20.4,45.7,84,22.6,49,1015.8
2026-06-10,26.1,28.2,23.6,1.00,1.00,7.0,20.05,16.3,36.7,80,22.3,32,1014.4
2026-06-11,26.2,28.3,24.5,0.30,0.30,3.0,20.48,19.2,43.9,75,21.3,36,1015.2
2026-06-12,25.3,27.7,22.6,3.50,3.50,11.0,17.08,19.0,43.6,81,21.7,55,1016.1
2026-06-13,25.7,27.6,23.5,0.70,0.70,6.0,19.29,12.4,29.9,82,22.3,24,1016.9
2026-06-14,25.8,28.1,23.6,2.90,2.90,12.0,20.13,13.7,32.4,83,22.5,31,1016.7
2026-06-15,25.7,28.0,23.8,6.40,6.40,22.0,17.34,16.0,37.4,84,22.7,53,1015.6
2026-06-16,26.0,28.3,23.9,2.80,2.80,10.0,19.92,15.1,36.0,79,21.8,29,1014.7
2026-06-17,25.9,28.5,22.5,0.40,0.40,4.0,20.16,11.3,28.4,78,21.7,29,1015.8
2026-06-18,25.9,28.5,23.3,0.90,0.90,7.0,20.02,16.3,37.4,79,21.9,17,1016.5
2026-06-19,24.6,27.3,22.6,9.70,9.70,24.0,17.24,23.3,52.2,85,21.9,54,1015.7
2026-06-20,24.3,26.8,22.1,3.10,3.10,19.0,16.46,20.0,45.0,85,21.6,45,1015.0
2026-06-21,24.7,26.6,22.7,2.80,2.80,15.0,17.75,18.5,42.5,83,21.6,50,1015.4
2026-06-22,24.4,26.5,22.9,6.20,6.20,15.0,15.16,16.3,36.7,88,22.2,72,1015.8
2026-06-23,24.8,27.2,22.7,3.70,3.70,14.0,17.23,18.6,44.6,84,21.8,61,1014.6
2026-06-24,25.7,27.8,23.6,2.30,2.30,10.0,20.25,18.6,42.8,75,20.8,35,1014.2
2026-06-25,23.9,25.7,22.5,18.60,18.60,20.0,11.25,17.4,39.6,92,22.5,78,1015.7
2026-06-26,24.5,26.5,22.9,75.10,75.10,21.0,7.24,17.4,33.5,91,23.0,98,1017.1
2026-06-27,25.2,26.8,23.6,32.20,32.20,20.0,13.94,19.5,41.8,85,22.4,82,1016.9
2026-06-28,26.1,27.7,25.1,0.20,0.20,2.0,21.32,21.9,42.5,68,19.6,22,1016.2
2026-06-29,25.6,28.1,23.8,3.40,3.40,13.0,19.15,16.8,40.0,77,21.1,32,1015.8
2026-06-30,25.6,27.8,23.8,3.80,3.80,13.0,20.24,18.9,44.6,75,20.7,30,1015.5
2026-07-01,25.7,28.2,22.6,4.50,4.50,12.0,19.81,23.5,56.2,72,20.1,36,1015.9
2026-07-02,26.2,28.4,24.3,0.00,0.00,0.0,21.08,20.3,45.4,64,18.8,21,1016.1
2026-07-03,25.5,27.4,24.3,5.00,5.00,20.0,18.05,22.2,50.4,76,20.9,47,1015.9
2026-07-04,25.0,27.3,23.1,6.00,6.00,18.0,18.64,16.9,39.6,81,21.3,51,1016.1
2026-07-05,24.8,27.3,22.0,1.30,1.30,13.0,18.68,15.3,36.0,81,21.3,32,1016.1
2026-07-06,24.6,27.4,21.8,0.20,0.20,1.0,19.66,19.8,45.4,80,20.8,20,1016.6
2026-07-07,24.5,27.4,21.5,0.00,0.00,0.0,20.38,17.9,42.1,77,20.1,14,1017.3
2026-07-08,24.9,27.2,22.2,0.90,0.90,7.0,17.92,14.8,35.3,80,21.2,39,1017.7
2026-07-09,25.6,27.7,23.8,2.10,2.10,12.0,19.16,12.6,31.3,79,21.6,36,1017.3
2026-07-10,24.7,27.3,22.6,5.30,5.30,22.0,19.54,17.3,40.3,84,21.6,38,1016.3
2026-07-11,25.2,27.4,23.3,1.90,1.90,8.0,20.31,16.8,39.6,81,21.7,34,1016.0
2026-07-12,25.8,28.4,23.3,0.00,0.00,0.0,19.38,11.7,27.4,74,20.7,33,1015.5
2026-07-13,25.9,28.6,23.0,0.10,0.10,1.0,19.03,12.1,31.0,78,21.5,24,1014.6
2026-07-14,25.9,29.0,22.4,0.30,0.30,2.0,20.60,12.6,31.3,80,22.0,19,1015.6
2026-07-15,25.4,28.2,22.3,3.10,3.10,15.0,19.79,22.6,49.7,78,21.1,71,1017.6
2026-07-16,23.8,25.5,22.5,23.00,23.00,24.0,12.93,23.6,49.3,87,21.5,80,1018.7
2026-07-17,24.3,27.2,22.3,13.60,13.60,24.0,15.77,24.6,55.1,85,21.6,68,1017.7
2026-07-18,24.9,27.0,23.0,27.60,27.60,21.0,18.35,26.0,61.2,78,20.8,53,1015.9
2026-07-19,25.6,27.7,23.5,0.80,0.80,3.0,20.45,21.6,45.7,65,18.4,35,1014.9
2026-07-20,25.7,27.8,23.8,3.70,3.70,11.0,17.97,18.3,42.1,74,20.5,69,1014.6
2026-07-21,24.7,26.6,22.9,8.40,8.40,16.0,6.97,16.3,34.2,82,21.4,99,1014.9
2026-07-22,24.5,27.1,22.8,8.30,8.30,21.0,17.15,17.7,40.3,87,22.0,58,1014.9
2026-07-23,24.3,26.5,23.0,17.40,17.40,22.0,16.65,16.8,40.3,88,22.3,72,1015.7
2026-07-24,25.0,27.4,23.0,2.90,2.90,9.0,19.93,17.8,41.0,79,21.0,47,1015.6
2026-07-25,25.4,27.4,23.0,0.40,0.40,4.0,20.68,15.9,40.3,74,20.3,26,1016.8
2026-07-26,25.3,27.0,23.7,3.20,3.20,11.0,17.62,16.1,38.5,78,21.2,58,1016.3
2026-07-27,24.4,26.4,22.0,2.50,2.50,9.0,19.11,14.7,34.9,83,21.4,48,1016.4
2026-07-28,24.8,26.9,22.5,3.90,3.90,14.0,18.62,18.1,42.1,79,20.8,74,1017.0
2026-07-29,24.6,27.6,22.1,2.00,2.00,14.0,20.75,16.8,39.6,78,20.4,27,1017.3
2026-07-30,24.2,27.2,21.7,3.00,3.00,11.0,19.35,17.2,40.3,80,20.3,28,1017.2
2026-07-31,24.3,27.3,21.2,1.50,1.50,6.0,21.18,21.3,44.6,77,19.9,19,1017.3
2026-08-01,24.7,27.2,22.2,4.20,4.20,13.0,20.41,21.9,52.2,75,19.8,40,1017.5
2026-08-02,24.0,27.4,21.2,5.30,5.30,17.0,20.23,19.4,44.6,80,20.1,41,1016.8
2026-08-03,23.3,25.5,21.6,8.00,8.00,21.0,15.76,14.6,35.6,88,21.2,78,1016.4
2026-08-04,24.5,26.9,22.0,7.80,7.80,15.0,17.20,18.4,42.8,81,20.9,85,1016.3
2026-08-05,24.7,27.5,21.8,2.00,2.00,12.0,21.74,15.8,37.8,78,20.4,54,1016.2
2026-08-06,24.7,27.6,21.8,3.20,3.20,15.0,21.21,14.3,34.6,81,21.1,27,1016.0
2026-08-07,25.3,28.1,21.9,0.50,0.50,4.0,21.91,12.8,32.0,79,21.3,14,1015.7
2026-08-08,25.4,27.0,23.3,2.90,2.90,14.0,18.71,14.4,35.6,81,21.8,64,1015.6
2026-08-09,25.9,28.1,23.8,3.10,3.10,11.0,21.35,13.1,32.0,79,21.9,23,1016.3
2026-08-10,24.9,27.4,22.5,4.60,4.60,20.0,20.01,16.7,38.9,84,21.9,52,1017.1
2026-08-11,24.3,26.9,22.3,3.70,3.70,15.0,18.55,24.1,57.2,81,20.7,57,1017.5
2026-08-12,24.7,27.3,21.9,2.30,2.30,10.0,21.89,23.0,54.4,76,20.1,32,1017.0
2026-08-13,25.3,27.6,23.0,0.20,0.20,2.0,21.99,18.1,42.5,70,19.4,40,1016.9
2026-08-14,25.3,27.6,23.1,0.00,0.00,0.0,21.89,16.1,37.1,71,19.5,17,1017.3
2026-08-15,25.2,28.1,22.5,0.10,0.10,1.0,19.50,16.2,37.4,72,19.6,54,1017.2
2026-08-16,25.5,27.5,23.8,1.20,1.20,10.0,22.55,22.8,51.5,72,19.9,25,1017.4
2026-08-17,25.7,28.2,23.4,4.70,4.70,24.0,21.60,22.5,51.1,72,20.1,40,1016.9
2026-08-18,23.7,26.4,21.5,24.50,24.50,24.0,16.01,20.6,47.5,88,21.6,81,1017.8
2026-08-19,24.8,27.2,22.6,10.10,10.10,15.0,20.92,22.9,51.8,80,21.0,51,1017.8
2026-08-20,25.1,27.2,23.5,0.70,0.70,4.0,21.58,18.9,43.6,69,19.0,45,1017.7
2026-08-21,24.9,27.7,21.6,0.10,0.10,1.0,21.62,14.0,34.6,70,18.9,17,1017.0
2026-08-22,25.8,27.8,23.7,0.00,0.00,0.0,23.25,13.3,31.3,73,20.5,16,1016.8
2026-08-23,26.1,28.1,23.9,1.20,1.20,7.0,23.37,18.5,44.3,75,21.2,48,1016.8
2026-08-24,25.6,27.7,23.5,4.00,4.00,10.0,22.07,22.2,49.7,73,20.4,45,1016.9
2026-08-25,25.8,27.8,24.0,1.10,1.10,7.0,21.80,22.0,48.6,69,19.6,30,1016.3
2026-08-26,25.5,27.5,23.7,2.80,2.80,18.0,21.21,18.5,42.5,76,20.9,35,1015.3
2026-08-27,25.0,27.2,22.4,3.20,3.20,19.0,20.35,16.6,39.6,80,21.3,36,1015.5
2026-08-28,25.8,27.6,24.5,2.00,2.00,15.0,22.10,17.4,41.8,71,20.1,27,1015.8
2026-08-29,25.3,28.1,23.3,6.60,6.60,20.0,21.67,19.0,44.3,77,20.8,45,1016.0
2026-08-30,25.4,28.0,23.5,11.10,11.10,19.0,18.24,19.3,44.3,79,21.4,60,1015.6
2026-08-31,25.7,27.8,23.8,4.50,4.50,20.0,22.55,20.4,47.2,77,21.4,34,1015.6
2026-09-01,25.6,27.3,23.7,3.80,3.80,15.0,21.32,17.3,41.0,82,22.3,47,1015.6
2026-09-02,26.1,28.5,23.7,1.50,1.50,8.0,24.10,10.2,28.4,79,22.0,31,1016.0
2026-09-03,25.7,27.9,23.1,2.50,2.50,15.0,21.90,18.1,42.5,84,22.7,51,1015.8
2026-09-04,26.2,28.4,24.7,1.80,1.80,7.0,22.93,18.8,42.1,73,21.0,30,1015.8
2026-09-05,25.2,27.6,23.2,4.00,4.00,15.0,22.18,14.8,36.0,83,22.1,56,1014.3
2026-09-06,25.1,27.6,21.9,7.50,7.50,11.0,21.66,10.7,27.7,84,22.2,49,1014.2
2026-09-07,26.1,28.0,24.5,0.90,0.90,5.0,23.26,14.9,35.3,75,21.3,41,1015.5
2026-09-08,26.3,28.3,25.0,0.60,0.60,5.0,22.60,21.3,48.6,71,20.5,27,1017.0
2026-09-09,25.2,28.1,23.0,8.40,8.40,20.0,22.72,19.9,47.5,79,21.2,42,1016.9
2026-09-10,25.6,28.2,22.8,6.70,6.70,8.0,25.31,19.1,42.5,73,20.2,27,1016.2
2026-09-11,26.4,28.6,24.6,0.40,0.40,4.0,24.29,16.7,40.7,66,19.5,25,1015.7
2026-09-12,26.1,28.3,23.8,3.60,3.60,15.0,23.74,18.3,43.2,73,20.7,31,1015.5
2026-09-13,26.1,28.5,24.3,0.10,0.10,1.0,25.42,15.3,36.7,65,18.9,20,1016.2
2026-09-14,25.8,28.5,22.4,0.70,0.70,4.0,24.10,18.2,43.2,67,19.1,42,1015.3
2026-09-15,26.0,29.0,23.5,1.40,1.40,6.0,24.11,16.2,37.4,70,19.9,38,1016.2
2026-09-16,26.4,28.5,24.5,1.50,1.50,10.0,23.72,16.2,38.9,75,21.5,34,1017.1
2026-09-17,26.7,28.8,25.0,0.70,0.70,5.0,26.09,15.7,37.8,67,20.0,24,1018.5
2026-09-18,25.5,28.2,23.0,6.90,6.90,21.0,24.69,23.6,53.3,78,21.2,37,1017.8
2026-09-19,25.1,28.1,22.0,3.70,3.70,16.0,24.12,21.1,48.6,78,20.8,35,1016.9
2026-09-20,25.4,27.8,22.5,2.20,2.20,10.0,24.70,19.4,45.4,72,19.8,29,1017.2
2026-09-21,25.6,28.1,22.8,1.60,1.60,10.0,25.26,18.0,42.5,73,20.2,28,1016.9
2026-09-22,25.8,28.2,22.9,2.50,2.50,10.0,21.67,14.1,35.6,75,20.8,48,1015.1
2026-09-23,26.2,28.1,24.4,0.60,0.60,6.0,20.31,14.4,35.6,72,20.7,52,1013.9
2026-09-24,26.4,28.8,24.2,0.10,0.10,1.0,23.88,14.4,33.5,68,19.8,45,1014.3
2026-09-25,25.7,28.2,23.1,3.80,3.80,14.0,21.85,16.7,40.3,76,20.9,43,1015.1
2026-09-26,25.8,28.0,23.5,2.80,2.80,15.0,23.27,18.4,43.9,75,20.9,40,1015.9
2026-09-27,25.4,27.5,23.4,4.50,4.50,20.0,24.42,15.2,37.1,80,21.6,33,1015.3
2026-09-28,25.3,27.3,23.5,5.50,5.50,14.0,21.39,15.1,37.1,81,21.7,49,1014.9
2026-09-29,26.0,27.9,23.7,1.70,1.70,11.0,24.79,17.2,41.4,76,21.3,39,1014.5
2026-09-30,25.9,27.9,23.9,3.90,3.90,18.0,22.60,16.5,39.6,81,22.4,51,1014.9
2026-10-01,26.1,28.4,24.4,3.20,3.20,13.0,23.04,18.0,42.5,81,22.5,48,1014.2
2026-10-02,26.5,28.9,24.6,0.30,0.30,3.0,23.34,17.1,41.0,74,21.3,27,1013.8
2026-10-03,26.8,29.0,25.1,1.10,1.10,8.0,26.09,17.5,42.5,69,20.7,45,1014.5
2026-10-04,26.6,28.8,25.1,1.60,1.60,8.0,25.57,21.1,49.7,66,19.4,23,1016.2
